,CPE1,CPE2,CPE3,CPE4,CPE5,CPE6,CPE7,S1_LVL,S2_LVL,S3_LVL,S4_LVL,CPER2,CPEUN
0,0.0,0.0,0.0,0.0,0.0,0.0,0.0,0.24,0.0,0.0,0.0,90.0,32.0
1,0.0,0.0,0.0,0.0,0.0,0.0,0.0,4.0,0.555555556,0.0,0.0,60.0,36.0
2,0.0,0.0,0.0,0.0,0.0,0.0,0.0,2.652173913,2.285714286,6.909090909,0.0,77.0,35.0
3,0.0,0.0,0.0,0.0,0.0,0.0,0.0,8.5,2.304347826,2.52,0.0,48.0,37.0
4,0.0,0.0,0.0,0.0,0.0,0.0,0.0,9.782608696,2.545454545,0.0,0.0,73.0,36.0
5,0.0,0.0,0.0,0.0,0.0,0.0,0.0,8.347826087,0.318181818,0.0,0.0,51.0,34.0
6,0.0,0.0,0.0,0.0,0.0,0.0,0.0,7.083333333,2.304347826,4.565217391,0.0,115.0,31.0
7,0.0,0.0,0.0,0.0,0.0,0.0,0.0,3.08,2.28,1.217391304,0.0,151.0,29.0
8,0.0,0.0,0.0,0.0,0.0,0.0,0.0,2.0,2.19047619,0.0,0.0,185.0,29.0
9,0.0,0.0,0.0,0.0,0.0,0.0,0.0,6.8,6.083333333,0.0,0.0,192.0,29.0
10,0.0,0.0,0.0,0.0,0.0,0.0,0.0,4.136363636,6.47826087,0.0,0.0,115.0,2.0
11,0.0,0.0,0.0,0.0,0.0,0.0,0.0,1.96,0.6,0.0,0.0,126.0,29.0
12,0.0,3.082666667,0.0,0.2776,0.222928571,0.40075,0.9449743580000001,0.0,0.0,0.0,0.0,103.0,41.0
13,0.0,0.0,0.0,0.0,0.24652381,0.0,0.0,0.0,0.0,0.0,0.0,187.0,40.0
14,0.0,0.0,0.0,0.0,0.239681818,0.0,0.0,0.0,0.0,0.0,0.0,225.0,41.0
15,0.0,0.0,0.0,0.0,0.246,0.0,0.0,0.0,0.0,0.0,0.0,263.0,41.0
16,0.0,0.0,0.0,0.0,0.240904762,0.0,0.0,0.0,0.0,0.0,0.0,11.0,41.0
17,0.0,0.0,0.0,0.0,0.5993309520000001,0.0,0.0,0.0,0.0,0.0,0.0,202.0,41.0
18,0.0,0.0,0.0,0.0,10.1865,0.0,0.0,0.0,0.0,0.0,0.0,183.0,41.0
19,0.0,0.0,0.0,0.0,9.515095238,0.0,0.0,0.0,0.0,0.0,0.0,95.0,42.0
20,0.0,0.0,0.0,0.0,9.834285714,0.0,0.0,0.0,0.0,0.0,0.0,99.0,42.0
21,0.0,0.0,0.0,0.0,9.552399999999999,0.0,0.0,0.0,0.0,0.0,0.0,74.0,41.0
22,0.0,0.0,0.0,0.0,9.615367965,0.0,0.0,0.0,0.0,0.0,0.0,62.0,40.0
23,0.0,0.0,0.0,0.0,6.102238095000001,0.0,0.0,0.0,0.0,0.0,0.0,60.0,3.0
24,0.0,0.0,0.0,0.0,0.0,0.0,0.0,3.826086957,0.0,0.0,0.0,57.0,24.0
25,0.0,0.0,0.0,0.0,0.0,0.0,0.0,11.0952381,0.0,0.0,0.0,56.0,41.0
26,0.0,0.0,0.0,0.0,0.0,0.0,0.0,9.538461538,0.0,0.0,0.0,53.0,47.0
27,0.0,0.0,0.0,0.0,0.0,0.0,0.0,5.48,0.0,0.0,0.0,52.0,43.0
28,0.0,0.0,0.0,0.0,0.0,0.0,0.0,5.565217391,0.0,0.0,0.0,49.0,68.0
29,0.0,0.0,0.0,0.0,0.0,0.0,0.0,6.045454545,0.0,0.0,0.0,5.0,83.0
30,0.0,0.0,0.0,0.0,0.0,0.0,0.0,6.8,0.0,0.0,0.0,28.0,30.0
31,0.0,0.0,0.0,0.0,0.0,0.0,0.0,4.76,0.0,0.0,0.0,164.0,42.0
32,0.0,0.0,0.0,0.0,0.0,0.0,0.0,4.0,0.0,0.0,0.0,209.0,37.0
33,0.0,0.0,0.0,0.0,0.0,0.0,0.0,4.0,0.0,0.0,0.0,225.0,35.0
34,0.0,0.0,0.0,0.0,0.0,0.0,0.0,4.043478261,0.0,0.0,0.0,194.0,0.0
35,0.0,0.0,0.0,0.0,0.0,0.0,0.0,5.619047619,0.0,0.0,0.0,188.0,22.0
36,0.0,0.0,0.0,0.0,9.834285714,0.0,0.0,6.19047619,3.173913043,0.0,0.0,189.0,28.0
37,0.0,0.0,0.0,3.323,9.552399999999999,0.0,0.0,10.85,7.571428571,0.0,0.0,192.0,27.0
38,0.0,0.0,0.0,3.323,9.615367965,0.0,0.0,8.058823529,2.733333333,0.0,0.0,172.0,27.0
39,0.0,0.0,0.0,3.323,6.102238095000001,0.0,0.0,5.0,0.0,210.0714286,0.0,206.0,27.0
40,0.0,0.0,0.0,0.1729,9.78080719,0.0,0.0,2.238095238,0.0,0.0,0.0,7.0,28.0
41,0.0,0.0,0.0,0.0,9.772483333,0.0,0.0,1.0,0.0,0.0,0.0,209.0,27.0
42,0.0,0.0,0.0,0.0,9.703175,0.0,0.0,1.16,0.0,0.0,0.0,173.0,27.0
43,0.0,0.0,0.0,0.0,9.750912699,0.0,0.0,1.086956522,0.0,0.0,0.0,143.0,28.0
44,0.0,0.21952381,0.21952381,0.0,9.71255,0.0,0.0,1.130434783,0.0,0.0,0.0,122.0,28.0
45,0.0,0.0,0.0,0.0,9.761368421,0.0,0.0,1.047619048,0.0,0.0,0.0,114.0,27.0
46,0.0,0.0,0.0,0.0,9.755894737,0.0,0.0,1.125,0.0,0.0,0.0,92.0,26.0
47,0.0,0.0,0.0,0.350642857,6.0504999999999995,0.0,0.0,0.714285714,0.210526316,0.0,0.0,76.0,1.0
48,0.0,0.0,0.0,0.350642857,0.0,0.0,0.0,1.5,2.166666667,1.875,0.705882353,68.0,33.0
49,0.0,0.0,0.0,0.350642857,0.0,0.0,0.0,12.75,1.954545455,0.0,0.0,65.0,43.0
50,0.0,0.0,0.0,0.350642857,0.0,0.0,0.0,13.95652174,0.090909091,0.0,0.0,59.0,75.0
51,0.0,0.0,0.0,0.0,0.0,0.0,0.0,15.55,0.0,0.0,0.0,59.0,74.0
52,0.0,0.0,0.0,0.0,0.0,0.0,0.0,9.8,0.0,0.0,0.0,53.0,51.0
53,0.0,0.0,0.0,0.0,0.0,0.0,0.0,7.8,0.0,0.0,0.0,3.0,36.0
54,0.0,0.0,0.0,0.0,0.0,0.0,0.0,6.047619048,0.0,0.0,0.0,94.0,31.0
55,0.0,0.0,0.0,0.0,0.0,0.0,0.0,4.307692308,0.0,0.0,0.0,131.0,41.0
56,0.0,0.0,0.0,0.0,0.0,0.0,0.0,12.20833333,0.0,0.0,0.0,173.0,51.0
57,0.0,0.0,0.0,0.0,0.0,0.0,0.0,8.086956522,0.0,0.0,0.0,168.0,62.0
58,0.0,0.0,0.0,0.0,0.0,0.0,0.0,4.291666667,0.0,0.0,0.0,196.0,1.0
59,0.0,0.0,0.0,0.0,0.0,0.0,0.0,9.6,0.44,0.12,0.0,205.0,182.0
60,0.0,0.0,0.0,0.0,0.0,0.0,0.0,5.65,0.6,0.0,0.0,190.0,183.0
61,0.0,0.0,0.0,0.0,9.738142857,0.0,0.0,3.24,0.0,0.0,0.0,184.0,179.0
62,0.0,0.0,0.0,0.383375,9.724052632,0.0,0.0,4.526315789,0.0,0.0,0.0,182.0,178.0
63,0.0,0.0,0.0,0.0,9.724052632,0.0,0.0,4.037037037,0.0,0.0,0.0,180.0,179.0
64,0.0,0.0,0.0,0.0,9.7163,0.0,0.0,3.791666667,0.0,0.0,0.0,7.0,181.0
65,0.0,0.0,0.0,0.0,9.711500000000001,0.0,0.0,3.590909091,0.0,0.0,0.0,181.0,180.0
66,0.0,0.0,0.0,0.0,9.765873684,0.0,0.0,4.964285714,0.0,0.0,0.0,138.0,177.0
67,0.0,0.0,0.0,0.0,9.688199999999998,0.0,0.0,3.391304348,0.0,0.0,0.0,126.0,177.0
68,0.0,0.0,0.0,0.0,9.72965,0.0,0.0,2.5,0.0,0.0,0.0,133.0,179.0
69,0.0,0.0,0.0,0.0,9.750842105,0.0,0.0,2.5,0.0,0.0,0.0,113.0,177.0
70,0.0,0.0,0.0,0.0,9.7743,0.0,0.0,2.76,0.0,0.0,0.0,100.0,177.0
71,0.0,0.0,0.0,0.0,6.702571053,0.0,0.0,2.0,0.0,0.0,0.0,86.0,177.0
72,0.0,0.0,0.0,0.0,0.0,0.0,0.0,7.962962963,0.0,1.714285714,2.074074074,76.0,200.0
73,0.0,0.0,0.0,0.0,0.0,0.0,0.0,9.0,5.142857143,0.666666667,2.45,69.0,60.0
74,0.0,0.0,0.0,0.0,0.0,0.0,0.0,8.047619048,7.217391304,0.0,1.47826087,59.0,32.0
75,0.0,0.0,0.0,0.0,0.0,0.0,0.0,10.62068966,1.962962963,0.0,0.0,59.0,30.0
76,0.0,0.0,0.0,0.0,0.0,0.0,0.0,10.54166667,0.0,0.0,0.0,59.0,37.0
77,0.0,0.0,0.0,0.0,0.0,0.0,0.0,10.81818182,1.590909091,0.0,0.0,1.0,38.0
78,0.0,0.0,0.0,0.0,0.0,0.0,0.0,5.0,1.64,0.0,0.0,89.0,29.0
79,0.0,0.0,0.0,0.0,0.0,0.0,0.0,3.52,1.0,0.0,0.0,106.0,28.0
80,0.0,0.0,0.0,0.0,0.0,0.0,0.0,2.259259259,0.071428571,0.0,0.0,175.0,31.0
81,0.0,0.0,0.0,0.0,0.0,0.0,0.0,2.571428571,0.0,0.0,0.0,208.0,34.0
82,0.0,0.0,0.0,0.0,0.0,0.0,0.0,1.954545455,0.0,0.0,0.0,209.0,7.0
83,0.0,0.0,0.0,1.9975882349999998,0.0,0.0,0.0,2.818181818,0.0,0.0,2.272727273,206.0,241.0
84,0.0,0.0,0.0,3.9951764699999996,0.0,0.0,0.0,12.65,0.0,0.0,0.0,162.0,236.0
85,0.0,0.0,0.0,5.992764705,9.8005,0.0,0.0,1.35,0.0,0.0,0.0,199.0,232.0
86,0.0,0.0,0.0,0.0,9.8005,0.0,0.0,5.136363636,0.0,0.0,0.0,179.0,228.0
87,0.0,0.0,0.0,0.0,9.709649122,0.0,0.0,6.807692308,0.0,0.0,0.0,179.0,226.0
88,0.0,0.0,0.0,0.0,9.728318421,0.0,0.0,6.916666667,0.0,0.0,0.0,3.0,227.0
89,0.0,0.0,0.0,0.0,9.762716667,0.0,0.0,5.8,0.0,0.0,0.0,200.0,225.0
90,0.0,0.0,0.0,0.0,9.68615,0.0,0.0,3.909090909,0.0,0.0,0.0,201.0,227.0
91,0.0,0.0,0.0,0.0,9.730444444,0.0,0.0,2.625,0.0,0.0,0.0,177.0,226.0
92,0.0,0.0,0.0,0.0,9.676239767,0.0,0.0,2.409090909,0.0,0.0,0.0,80.0,224.0
93,0.0,0.0,0.0,0.0,9.770436841999999,0.0,0.0,2.555555556,0.0,0.0,0.0,66.0,227.0
94,0.0,0.0,0.0,0.0,9.739947369,0.0,0.0,2.583333333,0.0,0.0,0.0,46.0,223.0
95,0.0,0.0,0.0,0.0,7.261744019,0.0,0.0,2.464285714,0.0,0.0,0.0,30.0,2.0
96,0.0,0.0,0.0,0.0,0.0,0.0,0.0,1.181818182,0.0,0.0,0.0,23.0,10.0
97,0.0,0.0,0.0,0.0,0.0,0.0,0.0,2.045454545,1.826086957,0.590909091,0.0,21.0,10.0
98,0.0,0.0,0.0,0.0,0.0,0.0,0.0,2.807692308,1.833333333,2.333333333,0.0,16.0,15.0
99,0.0,0.0,0.0,0.0,0.0,0.0,0.0,3.208333333,1.0,0.56,0.0,14.0,20.0
100,0.0,0.0,0.0,0.0,0.0,0.0,0.0,8.15,0.0,0.0,0.0,15.0,13.0
101,0.0,0.0,0.0,0.0,0.0,0.0,0.0,6.869565217,0.0,0.0,0.0,1.0,8.0
102,0.0,0.0,0.0,0.0,0.0,0.0,0.0,3.2,0.0,0.0,0.0,39.0,0.0
103,0.0,0.0,0.0,0.0,0.0,0.0,0.0,9.636363636,0.0,0.0,0.0,74.0,1.0
104,0.0,0.0,0.0,0.0,0.0,0.0,0.0,7.115384615,0.0,0.0,0.0,102.0,0.0
105,0.0,0.0,0.0,0.0,0.0,0.0,0.0,6.5,0.0,0.0,0.85,113.0,0.0
106,0.0,0.0,0.0,0.0,0.0,0.0,0.0,6.8,0.0,0.0,1.19047619,109.0,0.0
107,0.0,0.0,0.0,0.0,0.0,0.0,0.0,6.85,0.0,0.0,0.047619048,94.0,28.0
108,0.0,0.0,0.0,0.0,0.0,0.0,0.0,6.333333333,0.285714286,0.0,0.0,97.0,30.0
109,0.886210526,0.0,0.0,0.546280953,9.805083333999999,0.0,0.0,20.5,8.142857143,0.0,0.4,96.0,29.0
110,0.19952381,0.0,0.0,0.0,9.661100000000001,0.50747619,0.0,14.39130435,6.47826087,0.0,0.0,159.0,27.0
111,0.0,0.0,0.0,0.0,9.660013158,0.0,0.0,8.703703704,8.461538462,0.0,0.0,222.0,27.0
112,0.0,0.0,0.0,0.0,9.703842105,0.0,0.0,5.586206897,3.448275862,0.0,0.0,1.0,28.0
113,0.0,0.0,0.0,0.0,9.689394737,0.0,0.0,5.615384615,0.0,0.0,0.0,245.0,27.0
114,0.09347619,0.0,0.0,0.0,9.823,0.18115,0.0,9.730769231,4.76,0.0,0.0,214.0,27.0
115,0.0,0.0,0.0,0.0,9.713873684,0.0,0.0,12.48,7.36,0.0,0.0,188.0,28.0
116,0.0,0.0,0.0,0.0,9.691180952,0.0,0.0,6.5,1.44,0.0,0.0,186.0,28.0
117,0.0,0.0,0.0,0.0,9.746602632,0.0,0.0,5.961538462,0.0,0.0,0.0,205.0,27.0
118,0.0,0.0,0.0,0.0,9.817393484,0.0,0.0,5.64,0.0,0.0,0.0,190.0,26.0
119,0.282227273,0.0,0.0,0.0,8.064444444,0.238190476,0.0,20.70833333,7.25,0.0,0.0,171.0,0.0
120,0.0,0.0,0.0,0.0,0.0,0.0,0.0,19.91666667,5.958333333,0.0,0.0,150.0,72.0
121,0.0,0.0,0.0,0.0,0.0,0.0,0.0,13.3,0.0,0.0,0.0,137.0,78.0
122,0.0,0.0,0.0,0.0,0.0,0.0,0.0,17.28,4.291666667,1.695652174,0.0,133.0,81.0
123,0.0,0.0,0.0,0.0,0.0,0.0,0.0,25.68,88.22727273,1.68,0.0,131.0,84.0
124,0.0,0.0,0.0,0.0,0.0,0.0,0.0,240.7619048,220.9545455,2.086956522,0.0,129.0,83.0
125,0.0,0.0,0.0,0.0,0.0,0.0,0.0,249.6086957,274.9130435,1.695652174,0.0,0.0,87.0
126,0.0,0.0,0.0,0.0,0.0,0.0,0.0,250.5833333,268.6818182,1.727272727,0.0,54.0,84.0
127,0.0,0.0,0.0,0.0,0.0,0.0,0.0,45.11764706,193.7,2.777777778,0.0,127.0,83.0
128,0.0,0.0,0.0,0.0,0.0,0.0,0.0,2.15,0.0,2.894736842,0.0,142.0,10.0
129,0.0,0.0,0.0,0.0,0.0,0.0,0.0,2.0,0.0,3.011695906,0.0,234.0,10.0
130,0.0,0.0,0.0,0.0,0.0,0.0,0.0,11.7826087,1.363636364,3.12865497,0.0,214.0,4.0
131,0.0,0.0,0.0,0.0,0.0,0.0,0.0,19.375,6.52173913,1.75,0.0,218.0,184.0
132,0.0,0.0,0.0,0.0,9.7548,0.0,0.0,9.625,5.058823529,2.133333333,4.647058824,227.0,199.0
133,0.0,0.0,0.0,0.0,9.7548,0.0,1.86775,9.583333333,6.458333333,2.125,5.416666667,219.0,199.0
134,0.0,0.0,0.0,0.0,9.663503496,0.0,0.0,11.96,3.666666667,0.72,0.52,154.0,198.0
135,0.0,0.0,0.0,0.0,9.651981818,0.0,0.0,6.136363636,0.0,0.0,0.0,89.0,195.0
136,0.0,0.0,0.0,0.0,9.733263636,0.0,0.0,5.185185185,0.0,0.0,0.0,3.0,192.0
137,0.0,0.0,0.0,0.0,9.662845455,0.0,0.0,4.8,0.0,0.0,0.0,179.0,190.0
138,0.264454545,0.0,0.0,0.0,9.757081579000001,0.0,0.0,11.28571429,6.857142857,0.0,0.0,213.0,190.0
139,0.0,0.0,0.0,0.0,9.696315789,0.0,0.0,10.68181818,5.428571429,0.0,0.0,144.0,189.0
140,0.0,0.0,0.0,0.0,9.7659,0.0,0.0,5.047619048,0.0,0.0,0.0,133.0,190.0
141,0.0,0.0,0.0,0.0,9.7571,0.0,0.0,5.125,0.0,0.0,0.0,181.0,191.0
142,0.0,0.0,0.0,0.0,9.748138528,0.0,0.0,4.15,0.0,0.0,0.0,164.0,191.0
143,4.881782609,0.0,0.0,0.0,13.2656,0.0,0.0,12.57142857,7.681818182,0.0,0.0,149.0,37.0
144,1.079809524,0.0,0.0,0.0,0.0,0.0,0.0,9.869565217,5.083333333,1.173913043,0.0,130.0,44.0
145,0.0,0.0,0.0,0.0,0.0,0.0,0.0,6.56,0.0,2.291666667,0.0,132.0,48.0
146,0.0,0.0,0.0,0.0,0.0,0.0,0.0,7.92,0.0,3.04,0.0,130.0,15.0
147,0.0,0.0,0.0,0.0,0.0,0.0,0.0,4.041666667,0.28,1.869565217,0.0,126.0,7.0
148,0.0,0.0,0.0,0.0,0.0,0.0,0.0,7.576923077,4.259259259,219.1481481,2.407407407,105.0,7.0
149,0.0,0.0,0.0,0.0,0.0,0.0,0.0,4.807692308,42.19230769,2.153846154,5.615384615,3.0,14.0
150,0.0,0.0,0.0,0.0,0.0,0.0,0.0,4.230769231,37.04,2.636363636,0.04,96.0,13.0
151,0.0,0.0,0.0,0.0,0.0,0.0,0.0,3.434782609,31.41666667,2.263157895,0.0,261.0,10.0
152,0.0,0.0,0.0,0.0,0.0,0.0,0.0,2.782608696,31.13043478,2.086956522,0.0,98.0,12.0
153,0.0,0.0,0.0,0.0,0.0,0.0,0.0,3.333333333,24.95652174,1.739130435,0.0,49.0,14.0
154,0.0,0.0,0.0,0.0,0.0,0.0,0.0,2.0,11.0,0.80952381,0.0,35.0,0.0
155,0.0,0.0,0.0,0.0,0.0,0.0,0.0,1.954545455,6.043478261,0.0,0.0,26.0,55.0
156,0.0,0.0,0.0,0.0,9.696315789,0.0,0.0,4.388888889,12.05555556,0.0,0.0,106.0,50.0
157,0.0,0.0,0.0,0.0,9.7659,0.0,0.0,4.555555556,9.944444444,0.0,0.0,115.0,42.0
158,0.0,0.0,0.0,0.0,9.7571,0.0,0.0,0.714285714,10.22727273,0.0,0.0,107.0,41.0
159,0.0,0.0,0.0,0.0,9.748138528,0.0,0.0,4.625,13.08695652,0.0,0.0,99.0,40.0
160,0.0,0.0,0.0,0.0,9.6859,0.0,0.0,2.454545455,11.40909091,0.0,0.0,1.0,41.0
161,0.0,0.0,0.0,0.0,9.7202,0.0,0.0,0.0,15.85714286,0.0,0.0,155.0,41.0
162,0.0,0.0,0.0,0.0,9.715333334,0.0,0.0,0.0,11.53846154,0.0,0.0,172.0,41.0
163,0.0,0.0,0.0,0.0,9.680890476,0.0,0.0,0.0,5.592592593,0.0,0.0,149.0,42.0
164,0.0,0.0,0.0,0.0,9.750676767,0.0,0.0,0.0,5.346153846,0.0,0.0,155.0,41.0
165,0.0,0.0,0.0,0.0,9.633541667,0.0,0.0,0.0,11.08695652,0.0,0.0,162.0,41.0
166,0.0,0.0,0.0,0.0,9.870999999999999,0.0,0.0,0.0,10.66666667,0.0,0.0,157.0,42.0
167,0.0,0.0,0.0,0.0,0.0,0.0,0.0,5.15,8.428571429,0.0,0.0,152.0,0.0
168,0.0,0.0,0.0,0.0,0.0,0.0,0.0,17.7,2.263157895,0.066666667,0.0,140.0,17.0
169,0.0,0.0,0.0,0.0,0.0,0.0,0.0,11.79166667,2.541666667,3.0,0.0,128.0,18.0
170,0.0,0.0,0.0,0.0,0.0,0.0,0.0,15.69230769,8.56,1.92,0.0,126.0,25.0
171,0.0,0.0,0.0,0.0,0.0,0.0,0.0,4.666666667,33.76,0.08,0.0,120.0,30.0
172,0.0,0.0,0.0,0.0,0.0,0.0,0.0,4.727272727,2.428571429,0.0,0.0,114.0,70.0
173,0.0,0.0,0.0,0.0,0.0,0.0,0.0,5.25,2.666666667,0.0,0.0,2.0,57.0
174,0.0,0.0,0.0,0.0,0.0,0.0,0.0,4.826086957,2.818181818,0.0,0.0,29.0,21.0
175,0.0,0.0,0.0,0.0,0.0,0.0,0.0,5.142857143,2.842105263,0.0,0.0,93.0,18.0
176,0.0,0.0,0.0,0.0,0.0,0.0,0.0,4.772727273,2.608695652,12.0,0.0,110.0,46.0
177,0.0,0.0,0.0,0.0,0.0,0.0,0.0,2.76,2.5,1.923076923,0.0,118.0,58.0
178,0.0,0.0,0.0,0.0,0.0,0.0,0.0,2.130434783,2.217391304,0.0,0.0,168.0,205.0
179,0.0,0.0,0.0,0.0,0.0,0.0,0.0,6.391304348,0.375,0.263157895,3.181818182,129.0,209.0
180,0.0,0.0,0.0,0.0,9.750676767,0.0,0.0,10.85714286,0.0,0.0,0.473684211,126.0,202.0
181,0.0,0.0,0.0,0.0,9.633541667,0.0,0.0,4.823529412,0.0,3.0,0.0,90.0,199.0
182,0.0,0.0,0.0,0.0,9.870999999999999,0.0,0.0,13.29411765,0.176470588,3.4,0.833333333,71.0,198.0
183,0.0,0.0,0.0,0.0,9.668944444000001,0.0,0.0,20.52380952,2.095238095,0.0,5.65,79.0,198.0
184,0.0,0.0,0.0,0.0,9.729604762000001,0.0,0.0,13.8,0.0,0.0,5.15,69.0,198.0
185,0.0,0.0,0.0,0.0,9.730550000000001,0.0,0.0,5.434782609,0.0,0.0,3.19047619,169.0,199.0
186,0.0,0.0,0.0,0.0,9.589263158,0.0,0.0,5.045454545,0.0,0.0,0.260869565,178.0,199.0
187,0.0,0.0,0.0,0.0,9.7854,0.0,0.0,3.5,0.0,0.0,0.0,159.0,195.0
188,0.35852381,0.0,0.0,0.0,9.714263158,0.281136364,0.0,16.95833333,0.0,0.0,0.0,154.0,197.0
189,0.0,0.0,0.0,0.0,9.836063158,0.0,0.0,17.95238095,0.0,0.0,0.0,150.0,197.0
190,0.0,0.0,0.0,0.0,9.74765,0.0,0.0,5.833333333,0.0,0.0,0.0,131.0,146.0
191,0.0,0.0,0.0,0.0,9.79345,0.0,0.0,5.272727273,0.0,0.0,0.0,122.0,3.0
192,0.0,0.0,0.0,0.0,9.597888889,0.0,0.0,4.619047619,0.0,0.0,0.0,118.0,4.0
193,0.0,0.0,0.0,0.0,0.0,0.0,0.0,12.70833333,2.0,0.0,0.0,85.0,23.0
194,0.0,0.0,0.0,0.0,0.0,0.0,0.0,11.82608696,0.0,1.882352941,0.0,118.0,49.0
195,0.0,0.0,0.0,0.0,0.0,0.0,0.0,7.157894737,1.428571429,3.0,0.0,118.0,95.0
196,0.0,0.0,0.0,0.0,0.0,0.0,0.0,5.045454545,6.047619048,6.0,0.0,117.0,57.0
197,0.0,0.0,0.0,0.0,0.0,0.0,0.0,3.304347826,4.47826087,6.277777778,0.0,33.0,34.0
198,0.0,0.0,0.0,0.0,0.0,0.0,0.0,2.0,0.714285714,5.8,0.0,34.0,13.0
199,0.0,0.0,0.0,0.0,0.0,0.0,0.0,1.909090909,0.0,1.0,0.0,172.0,20.0
200,0.0,0.0,0.0,0.0,0.0,0.0,0.0,6.166666667,0.210526316,1.368421053,0.0,175.0,42.0
201,0.0,0.0,0.0,0.0,0.0,0.0,0.0,2.041666667,1.956521739,0.954545455,0.0,147.0,34.0
202,0.0,0.0,0.0,0.0,0.0,0.0,0.0,2.0,2.0,1.083333333,0.0,188.0,25.0
203,0.0,1.269824017,1.269824017,0.0,0.0,0.0,0.0,1.782608696,1.363636364,0.666666667,0.0,207.0,27.0
204,0.0,14.65310287,14.65310287,0.0,0.0,0.0,0.0,1.153846154,0.0,0.0,0.0,226.0,28.0
205,0.5657,4.782780392,4.782780392,0.0,1.582875,0.999947368,0.013736842,1.227272727,0.0,0.285714286,0.0,185.0,28.0
206,0.0,0.0,0.0,0.0,9.403916667,0.0,2.441695652,1.095238095,0.0,0.0,0.0,190.0,28.0
207,0.0,0.0,0.0,0.0,0.7604000000000001,0.0,5.57747619,1.125,0.0,0.0,0.0,180.0,28.0
208,0.314909091,0.022590909,0.022590909,0.0,0.7210571429999999,0.0,0.927173913,1.916666667,0.0,0.8,0.0,170.0,29.0
209,0.0,0.0,0.0,0.0,0.7277894739999999,0.0,0.0,1.785714286,0.0,0.0,0.0,105.0,28.0
210,0.0,0.0,0.0,0.0,0.722124242,0.0,0.0,1.956521739,0.0,0.0,0.0,86.0,27.0
211,0.0,0.0,0.0,0.0,0.734292105,0.0,0.0,1.925925926,0.0,0.0,0.0,56.0,29.0
212,1.082545455,0.6225,0.6225,0.0,0.739658088,0.0,0.0,10.69230769,0.0,0.0,0.0,115.0,28.0
213,0.0,0.0,0.0,0.0,0.733360526,0.0,0.0,15.85185185,0.0,0.0,0.0,174.0,28.0
214,0.0,0.0,0.0,0.0,0.72295,0.0,0.0,7.0,0.0,0.0,0.0,158.0,5.0
215,0.0,0.0,0.0,0.0,0.728602564,0.0,0.0,1.913043478,0.0,0.0,0.0,141.0,3.0
216,0.0,0.0,0.0,0.0,0.243769231,0.0,0.0,9.470588235,0.0,0.0,0.0,108.0,58.0
217,0.0,0.0,0.0,0.0,0.243769231,0.0,0.0,12.60869565,0.0,1.954545455,0.0,122.0,98.0
218,0.0,0.0,0.0,0.0,0.243769231,0.0,0.0,5.904761905,3.909090909,0.772727273,1.666666667,118.0,63.0
219,0.0,0.0,0.0,0.0,0.243769231,0.0,0.0,7.6,2.44,0.0,7.25,117.0,48.0
220,0.0,0.0,0.0,0.0,0.243769231,0.0,0.0,4.75,2.0,0.0,5.625,55.0,80.0
221,0.0,0.0,0.0,0.0,0.243769231,0.0,0.0,4.705882353,2.0,0.0,0.222222222,52.0,66.0
222,0.0,0.0,0.0,0.0,0.0,0.0,0.0,9.416666667,1.8,0.0,0.0,90.0,77.0
223,0.0,0.0,0.0,0.0,0.0,0.0,0.0,7.80952381,0.333333333,0.0,0.0,60.0,37.0
224,0.0,0.0,0.0,0.0,0.0,0.0,0.0,6.333333333,0.0,0.0,0.0,77.0,29.0
225,0.0,0.0,0.0,0.0,0.0,0.0,0.0,1.4,0.0,0.0,0.0,48.0,21.0
226,0.0,0.0,0.0,0.0,0.0,0.0,0.0,5.92,0.0,0.0,0.0,73.0,186.0
227,0.0,0.0,0.0,0.0,0.0,0.0,0.0,3.956521739,0.0,0.0,0.0,51.0,191.0
228,0.1375,0.0,0.0,6.7115263160000005,4.039089744,0.0,0.0,4.272727273,2.842105263,0.0,0.0,115.0,197.0
229,0.0,0.0,0.0,0.0,15.02628425,0.0,0.0,5.434782609,2.130434783,0.0,0.0,151.0,193.0
230,0.0,0.0,0.0,0.0,13.909390109,0.0,0.0,4.88,0.0,0.0,0.0,185.0,199.0
231,0.0,0.0,0.0,0.0,15.128932692,0.0,0.0,2.222222222,0.0,0.0,0.0,192.0,196.0
232,0.0,0.0,0.0,0.0,14.429613636,0.0,0.0,0.25,0.0,0.0,0.0,115.0,196.0
233,0.0,0.0,0.0,0.0,14.529519480000001,0.0,0.0,0.083333333,0.0,0.0,0.0,126.0,195.0
234,0.0,0.0,0.0,0.0,14.3208,0.0,0.0,0.25,0.0,0.0,0.0,103.0,190.0
235,0.354391304,0.0,0.0,0.0,15.808572222000002,0.0,0.0,3.708333333,0.0,0.0,0.0,187.0,190.0
236,0.0,0.0,0.0,0.0,14.992075757999999,0.0,0.0,21.38461538,0.0,0.0,0.0,225.0,190.0
237,0.0,0.0,0.0,0.0,14.042566433000001,0.0,0.0,12.2173913,0.0,0.0,0.0,263.0,190.0
238,0.0,0.0,0.0,0.0,14.548519047,0.0,0.0,5.346153846,0.0,0.0,0.0,11.0,112.0
239,0.28447619,0.705333333,0.705333333,0.0,5.595706849999999,0.0,0.0,10.125,0.0,0.0,0.0,202.0,5.0
240,0.0,0.0,0.0,0.0,0.0,0.0,0.0,18.65217391,0.0,0.0,0.0,183.0,34.0
241,0.0,0.0,0.0,0.0,0.0,0.0,0.0,10.76,0.0,0.0,0.0,95.0,42.0
242,0.0,0.0,0.0,0.0,0.0,0.0,0.0,17.68,6.04,0.0,0.0,99.0,52.0
243,0.0,0.0,0.0,0.0,0.0,0.0,0.0,17.73076923,7.0,0.0,7.307692308,74.0,72.0
244,0.0,0.0,0.0,0.0,0.0,0.0,0.0,7.347826087,7.333333333,0.0,1.409090909,62.0,88.0
245,0.0,0.0,0.0,0.009666667,0.0,0.0,0.0,4.823529412,2.052631579,0.0,0.0,60.0,47.0
246,0.0,0.0,0.0,0.0,0.0,0.0,0.0,3.0,0.0,0.0,0.0,57.0,55.0
247,0.0,0.0,0.0,0.0,0.0,0.0,0.0,2.423076923,0.0,0.0,0.0,56.0,29.0
248,0.0,0.0,0.0,0.0,0.0,0.0,0.0,1.76,0.0,0.0,0.0,53.0,13.0
249,0.0,0.0,0.0,0.0,0.0,0.0,0.0,0.0,0.0,0.0,0.0,52.0,16.0
250,0.0,0.0,0.0,0.0,0.0,0.0,0.0,4.88,0.0,0.0,0.0,49.0,14.0
251,0.0,0.0,0.0,0.41425,0.0,0.0,0.0,7.0,0.0,0.0,0.0,5.0,14.0
252,0.0,0.0,0.0,0.41425,17.295749999999998,0.0,0.0,6.0,2.142857143,0.0,0.0,28.0,14.0
253,0.0,0.0,0.0,0.0,17.295749999999998,0.0,0.0,4.48,2.958333333,0.0,0.0,164.0,14.0
254,0.356545455,0.0,0.0,0.0,9.722941177,0.0,0.0,3.714285714,3.045454545,0.0,0.0,209.0,13.0
255,0.0,0.0,0.0,0.0,9.774913158,0.0,0.0,4.071428571,3.107142857,0.0,0.0,225.0,14.0
256,0.0,0.0,0.0,0.0,9.755947369,0.0,0.0,1.68,2.48,0.0,0.0,194.0,15.0
257,0.0,0.0,0.0,0.0,9.65602924,0.0,0.0,1.0,1.434782609,0.0,0.0,188.0,16.0
258,0.0,0.0,0.0,0.0,9.785368421,0.0,0.0,2.703703704,0.185185185,0.0,0.0,189.0,14.0
259,0.0,0.0,0.0,0.0,9.789,0.0,0.0,0.64,0.16,0.0,0.0,192.0,14.0
260,0.0,0.0,0.0,0.0,9.763052632,0.0,0.0,0.0,0.214285714,0.0,0.0,172.0,14.0
261,0.0,0.0,0.0,0.0,9.755473684,0.0,0.0,0.0,0.0,0.0,0.0,206.0,14.0
262,0.0,0.0,0.0,0.0,9.772954887000001,0.0,0.0,0.0,0.153846154,0.0,0.0,7.0,14.0
263,0.0,0.0,0.0,0.0,3.6260624999999997,0.0,0.0,0.0,0.24,0.0,0.0,209.0,9.0
264,0.0,0.0,0.0,0.0,0.0,0.0,0.0,0.0,0.625,0.0,0.0,173.0,14.0
265,0.0,0.0,0.0,0.0,0.0,0.0,0.0,6.047619048,4.590909091,0.0,0.0,143.0,18.0
266,0.0,0.0,0.0,0.0,0.0,0.0,0.0,10.68181818,2.523809524,0.0,0.0,122.0,15.0
267,0.0,0.0,0.0,0.0,0.0,0.0,0.0,9.36,2.0,0.0,0.0,114.0,14.0
268,0.0,0.0,0.0,0.0,0.0,0.0,0.0,9.16,7.0,0.0,0.0,92.0,5.0
269,0.0,0.0,0.0,0.0,0.0,0.0,0.0,10.76923077,1.08,0.0,0.0,76.0,6.0
270,0.0,0.0,0.0,0.0,0.0,0.0,0.0,14.18518519,0.0,0.0,0.0,68.0,4.0
271,0.0,0.0,0.0,0.0,0.0,0.0,0.0,10.33333333,1.555555556,0.0,0.0,65.0,8.0
272,0.0,0.0,0.0,0.0,0.0,0.0,0.0,10.84615385,6.481481481,0.0,0.0,59.0,22.0
273,0.0,0.0,0.0,0.0,0.0,0.0,0.0,2.045454545,6.086956522,0.0,0.0,59.0,49.0
274,0.0,0.0,0.0,0.0,0.0,0.0,0.0,6.48,0.0,0.761904762,0.0,53.0,145.0
275,0.0,0.0,0.0,1.1284,0.0,0.0,0.0,3.142857143,0.0,0.0,0.0,3.0,144.0
276,0.0,0.0,0.0,1.1284,0.0,0.0,0.0,7.684210526,0.0,0.0,0.0,94.0,143.0
277,0.0,0.0,0.0,1.1284,9.589433332999999,0.0,0.0,8.0,0.0,3.285714286,0.0,131.0,140.0
278,0.0,0.0,0.0,2.044416667,9.589433332999999,0.0,0.0,5.909090909,0.0,1.5,0.0,173.0,140.0
279,0.0,0.0,0.0,0.0,9.8351,0.0,0.0,4.904761905,0.0,1.5,0.0,168.0,141.0
280,0.0,0.0,0.0,0.0,9.662749999999999,0.0,0.0,4.545454545,0.0,1.5,0.0,196.0,141.0
281,0.0,0.0,0.0,0.0,9.749189474,0.0,0.0,3.157894737,0.0,1.5,0.0,205.0,141.0
282,0.0,0.0,0.0,0.0,9.751566666999999,0.0,0.0,1.714285714,0.0,1.5,0.0,190.0,141.0
283,0.0,0.0,0.0,0.0,9.673389474,0.0,0.0,0.428571429,0.0,1.5,0.0,184.0,141.0
284,0.0,0.0,0.0,0.0,9.697210526,0.0,0.0,0.952380952,0.0,1.5,0.0,182.0,142.0
285,0.0,0.0,0.0,0.0,9.717142856999999,0.0,0.0,0.666666667,0.0,1.5,0.0,180.0,143.0
286,0.0,0.0,0.0,0.0,9.703802005,0.0,0.0,0.5,0.0,1.5,0.0,7.0,2.0
287,0.0,0.0,0.0,0.0,8.517573529,0.0,0.0,0.619047619,0.0,1.5,0.0,181.0,92.0
288,0.0,0.0,0.0,0.0,0.0,0.0,0.0,1.28,0.0,0.0,0.0,138.0,0.0
289,0.0,0.0,0.0,0.0,0.0,0.0,0.0,12.18181818,0.0,0.0,0.0,126.0,0.0
290,0.0,0.0,0.0,0.0,0.0,0.0,0.0,12.5,0.0,0.0,0.0,133.0,0.0
291,0.0,0.0,0.0,0.0,0.0,0.0,0.0,5.461538462,0.0,0.0,0.074074074,113.0,3.0
292,0.0,0.0,0.0,0.0,0.0,0.0,0.0,4.043478261,0.0,0.0,0.590909091,100.0,6.0
293,0.0,0.0,0.0,0.0,0.0,0.0,0.0,3.259259259,0.0,29.24,1.076923077,86.0,7.0
294,0.0,0.0,0.0,0.0,0.0,0.0,0.0,1.95,0.0,39.1,1.0625,76.0,7.0
295,0.0,0.0,0.0,1.1997,0.0,0.0,0.0,1.954545455,0.0,28.0,1.285714286,69.0,6.0
296,0.0,0.0,0.0,0.6816,0.0,0.0,0.0,2.0,0.0,45.0,1.4375,59.0,4.0
297,0.0,0.0,0.0,0.6816,0.0,0.0,0.0,6.833333333,0.0,0.0,0.375,59.0,9.0
298,0.0,0.0,0.0,0.6816,0.0,0.0,0.0,10.13043478,0.0,0.0,0.0,59.0,29.0
299,0.0,0.0,0.0,0.0,0.0,0.0,0.0,2.85,0.0,0.0,0.0,1.0,14.0
300,0.0,0.0,0.0,0.0,9.754692307,0.0,0.0,6.470588235,0.0,0.0,0.0,89.0,14.0
301,0.0,0.0,0.0,0.0,9.754692307,0.0,0.0,9.0,2.038461538,0.0,0.0,106.0,15.0
302,0.0,0.0,0.0,0.0,9.754692307,1.7032,0.0,1.3,2.2,0.0,0.0,175.0,14.0
303,0.0,0.0,0.0,0.0,9.802107895,0.0,0.0,0.0,2.173913043,0.0,0.0,208.0,14.0
304,0.0,0.0,0.0,0.0,9.691280701,0.0,0.0,0.0,2.090909091,0.0,0.0,209.0,14.0
305,0.0,0.0,0.0,0.0,9.650824562,0.0,0.0,0.0,2.105263158,0.0,0.0,206.0,14.0
306,0.0,0.0,0.0,0.0,9.777128947,0.0,0.0,0.0,1.421052632,0.0,0.0,162.0,15.0
307,0.0,0.0,0.0,0.0,9.760842105,0.0,0.0,0.0,1.333333333,0.0,0.0,199.0,14.0
308,0.0,0.0,0.0,0.0,9.695684211,0.0,0.0,0.0,0.84,0.0,0.0,179.0,14.0
309,0.0,0.0,0.0,0.0,9.776126316,0.0,0.0,0.35,0.363636364,0.0,0.0,179.0,14.0
310,0.0,0.0,0.0,0.0,9.587992105,0.0,0.0,0.0,0.166666667,0.0,0.0,3.0,6.0
311,0.0,0.0,0.0,0.0,9.757166667,0.0,0.0,0.0,0.3125,0.0,0.0,200.0,5.0
312,0.0,0.0,0.0,0.0,0.0,0.0,0.0,7.047619048,0.0,0.0,0.0,201.0,8.0
313,0.0,0.0,0.0,0.0,0.0,0.0,0.0,19.30434783,0.47826087,0.0,0.0,177.0,8.0
314,0.0,0.0,0.0,0.0,0.0,0.0,0.0,14.375,1.28,0.0,0.0,80.0,7.0
315,0.0,0.0,0.0,0.0,0.0,0.0,0.0,7.0,0.230769231,0.0,0.0,66.0,5.0
316,0.0,0.0,0.0,0.0,0.0,0.0,0.0,1.111111111,34.11764706,0.0,0.0,46.0,4.0
317,0.0,0.0,0.0,0.0,0.0,0.0,0.0,0.391304348,32.42857143,0.0,0.0,30.0,3.0
318,0.0,0.0,0.0,0.0,0.0,0.0,0.0,1.15,26.35,309.4210526,0.0,23.0,2.0
319,0.0,0.0,0.0,0.0,0.0,0.0,0.0,3.375,23.5625,0.0,0.0,21.0,6.0
320,0.0,0.0,0.0,0.0,0.0,0.0,0.0,13.82608696,1.045454545,0.0,0.0,16.0,153.0
321,0.0,0.0,0.0,0.0,0.0,0.0,0.0,12.15384615,1.44,0.0,0.0,14.0,171.0
322,0.0,0.0,0.0,0.0,0.0,0.0,0.0,12.07407407,0.0,0.0,0.0,15.0,164.0
323,0.0,0.0,0.0,0.0,0.0,0.0,0.0,10.55555556,0.0,0.0,5.058823529,1.0,163.0
324,0.0,0.0,0.0,0.0,9.587992105,0.0,0.0,0.76,0.0,0.0,4.84,39.0,164.0
325,0.0,0.0,0.0,0.0,9.757166667,0.0,0.0,0.0,0.0,0.0,0.0,74.0,159.0
326,0.0,0.0,0.0,0.0,5.004871212,0.0,0.0,0.3,0.0,0.0,0.0,102.0,159.0
327,0.0,0.0,0.0,0.0,4.910809524,0.0,0.0,2.04,0.0,0.0,0.0,113.0,158.0
328,0.0,0.0,0.0,0.0,4.863090909,0.0,0.0,0.333333333,0.0,0.0,0.0,109.0,156.0
329,0.0,0.0,0.0,0.0,4.910190476,0.0,0.0,0.0,0.0,0.0,0.0,94.0,32.0
330,0.0,0.0,0.0,0.0,4.86280952380952,0.0,0.0,0.0,0.0,0.0,0.0,97.0,36.0
331,0.0,0.0,0.0,0.0,4.90340909090909,0.0,0.0,0.0,0.0,0.0,0.0,96.0,35.0
332,0.0,0.0,0.0,0.0,4.93140909090909,0.0,0.0,0.0,0.0,0.0,0.0,159.0,37.0
333,0.0,0.0,0.0,0.0,4.80971428571429,0.0,0.0,0.0,0.0,0.0,0.0,222.0,36.0
334,0.0,0.0,0.0,0.0,4.87585714285714,0.0,0.0,0.0,0.0,0.0,0.0,1.0,34.0
335,0.0,0.0,0.0,0.0,4.018004329004328,0.0,0.0,0.0,0.0,0.0,0.0,245.0,31.0
336,0.0,0.0,0.0,0.0,0.0,0.0,0.0,0.0,0.0,0.0,0.0,214.0,29.0
337,0.0,0.0,0.0,0.0,0.0,0.0,0.0,1.80769230769231,0.0,0.0,0.0,188.0,29.0
338,0.0,0.0,0.0,0.0,0.0,0.0,0.0,5.90909090909091,0.0,0.0,0.0,186.0,29.0
339,0.0,0.0,0.0,0.0,0.0,0.0,0.0,16.8571428571429,0.0,0.0,0.0,205.0,2.0
340,0.0,0.0,0.0,0.0,0.0,0.0,0.0,16.5416666666667,0.0,0.0,0.0,190.0,29.0
341,0.0,0.0,0.0,0.0,0.0,0.0,0.0,4.44444444444444,0.0,0.0,0.0,171.0,41.0
342,0.0,0.0,0.0,0.0,0.0,0.0,0.0,5.18181818181818,0.0,0.0,0.0,150.0,40.0
343,0.0,0.0,0.0,0.0,0.0,0.0,0.0,3.05,0.0,0.0,0.0,137.0,41.0
344,0.0,0.0,0.0,0.0,0.0,0.0,0.0,1.58333333333333,0.0,0.0,0.0,133.0,41.0
345,0.0,0.0,0.0,0.0,0.0,0.0,0.0,0.88,0.0,0.0,0.0,131.0,41.0
346,0.0,0.0,0.0,0.0,0.0,0.0,0.0,5.26315789473684,0.368421052631579,0.0,0.0,129.0,41.0
347,0.0,0.0,0.0,0.0,0.0,0.0,0.0,13.9545454545455,1.85714285714286,0.0,0.0,0.0,41.0
348,0.0,0.0,0.0,0.0,0.0,0.0,0.0,7.36363636363636,0.0,0.0,0.0,54.0,42.0
349,0.0,0.0,0.0,0.0,11.64448809523809,0.0,0.104166666666667,0.315789473684211,0.0,0.0,0.0,127.0,42.0
350,0.0,0.0,0.0,0.0,9.74900877192983,0.0,0.0,0.0,0.0,0.0,0.0,142.0,41.0
351,0.0,0.0,0.0,0.0,9.74625,0.0,0.0,0.0,0.0,0.0,0.0,234.0,40.0
352,0.0,0.0,0.0,0.0,9.681249999999999,0.0,0.0,0.0,0.0,0.0,0.0,214.0,3.0
353,0.0,0.0,0.0,0.0,9.68147368421053,0.0,0.0,0.0,0.0,0.0,0.0,218.0,24.0
354,0.0,0.0,0.0,0.0,9.71738636363636,0.0,0.0,0.0,0.0,0.0,0.0,227.0,41.0
355,0.0,0.0,0.0,0.0,9.702033333333329,0.0,0.0,0.0,0.0,0.0,0.0,219.0,47.0
356,0.0,0.0,0.0,0.0,9.7751052631579,0.0,0.0,0.0,0.0,0.0,0.0,154.0,43.0
357,0.0,0.0,0.0,0.0,9.76787719298246,0.0,0.0,0.0,0.0,0.0,0.0,89.0,68.0
358,0.0,0.0,0.0,0.0,9.80905,0.0,0.0,0.0,0.0,0.0,0.0,3.0,83.0
359,0.0,0.0,0.0,0.0,8.38327403846154,0.0,0.0,0.0,0.0,0.0,0.0,179.0,30.0
360,0.0,0.0,0.0,0.0,0.0,0.0,0.0,0.0,0.0,0.0,0.0,213.0,42.0
361,0.0,0.0,0.0,0.0,0.0,0.0,0.0,2.11538461538462,0.0,0.0,0.0,144.0,37.0
362,0.0,0.0,0.0,0.0,0.0,0.0,0.0,12.8461538461538,0.0,0.0,0.0,133.0,35.0
363,0.0,0.0,0.0,0.0,0.0,0.0,0.0,11.0909090909091,0.0,0.0,0.0,181.0,0.0
364,0.0,0.0,0.0,0.0,0.0,0.0,0.0,7.04347826086957,0.0,0.0,0.0,164.0,22.0
365,0.0,0.0,0.0,0.0,0.0,0.0,0.0,5.58333333333333,0.0,0.0,0.0,149.0,28.0
366,0.0,0.0,0.0,0.0,0.0,0.0,0.0,4.64,0.0,0.0,0.0,130.0,27.0
367,0.0,0.0,0.0,0.0,0.0,0.0,0.0,6.6,0.0,0.0,0.0,132.0,27.0
368,0.0,0.0,0.0,0.0,0.0,0.0,0.0,11.3809523809524,0.0,0.0,0.0,130.0,27.0
369,0.0,0.0,0.0,0.0,0.0,0.0,0.0,10.7083333333333,0.0,0.0,0.0,126.0,28.0
370,0.0,0.0,0.0,0.0,0.0,0.0,0.0,11.0,0.0,0.0,0.0,105.0,27.0
371,0.0,0.0,0.0,0.0,0.7112428571428571,0.0,0.0,16.0416666666667,0.91304347826087,1.17391304347826,0.739130434782609,3.0,27.0
372,0.0,0.569291666666667,0.569291666666667,0.0,0.939157142857143,0.644204761904762,0.0,18.5238095238095,0.761904761904762,5.14285714285714,2.85714285714286,96.0,28.0
373,0.0,0.0,0.0,0.0,2.517032894736842,0.523631578947368,0.0,7.5,0.0,1.875,3.0,261.0,28.0
374,0.0,0.0,0.0,0.0,5.306555555555554,0.0,1.88378571428571,1.11111111111111,0.0,0.0,2.25925925925926,98.0,27.0
375,0.0,0.0,0.0,0.0,5.351259740259745,0.038,0.0,1.52380952380952,0.0,0.0,1.40909090909091,49.0,26.0
376,0.0,0.0,0.0,0.0,5.390950549450553,0.0,0.0,1.4,0.0,0.0,0.04,35.0,1.0
377,0.0,0.0,0.0,0.0,5.315109890109891,0.0,0.0,2.66666666666667,0.0,0.0,0.0,26.0,33.0
378,0.0,0.0,0.0,0.0,5.348455128205127,0.0,0.0,1.92307692307692,0.0,0.0,0.0,106.0,43.0
379,0.0,0.0,0.0,0.0,5.287300699300695,0.0,0.0,1.42105263157895,0.0,0.0,0.0,115.0,75.0
380,0.0,0.0,0.0,0.0,5.417814102564103,0.0,0.0,1.29166666666667,0.0,0.0,0.416666666666667,107.0,74.0
381,0.0,0.0,0.0,0.0,5.469916666666663,0.0,0.0,1.46153846153846,0.0,0.0,0.6,99.0,51.0
382,0.0,0.0,0.0,0.0,5.353602564102569,0.0,0.0,1.33333333333333,0.0,0.0,0.0,1.0,36.0
383,0.0,0.0,0.0,0.0,3.4925000000000006,1.89218181818182,0.0,7.8,0.0,0.0,0.0,155.0,31.0
384,0.0,0.0,0.0,0.0,0.0,0.0,0.0,15.5217391304348,0.0,0.0,0.0,172.0,41.0
385,0.0,0.0,0.0,0.0,0.0,0.0,0.0,12.8181818181818,2.77272727272727,0.0,0.0,149.0,51.0
386,0.0,0.0,0.0,0.0,0.0,0.0,0.0,11.4444444444444,6.61111111111111,0.0,0.0,155.0,62.0
387,0.0,0.0,0.0,0.0,0.0,0.0,0.0,9.59090909090909,7.14285714285714,0.0,0.0,162.0,1.0
388,0.0,0.0,0.0,0.0,0.0,0.0,0.0,13.952380952381,4.90476190476191,4.04545454545455,0.0,157.0,182.0
389,0.0,0.0,0.0,0.0,0.0,0.0,0.0,14.56,0.04,4.08,0.0,152.0,183.0
390,0.0,0.0,0.0,0.0,0.0,0.431166666666667,0.0,6.375,0.5625,0.125,0.0,140.0,179.0
391,0.0,0.0,0.0,0.0,0.0,0.0,0.0,14.5416666666667,0.0,0.0,0.0,128.0,178.0
392,0.0,0.0,0.0,0.0,0.0,0.0,0.0,12.2692307692308,0.0,1.57692307692308,0.0,126.0,179.0
393,0.0,0.0,0.0,0.0,0.0,0.0,0.0,14.7407407407407,0.0,0.111111111111111,0.0,120.0,181.0
394,0.0,0.0,0.0,0.0,0.0,0.0,0.0,6.45833333333333,0.0,0.0,0.0,114.0,180.0
395,0.0,0.0,0.0,0.0,0.0,0.0,0.0,3.42105263157895,0.0,6.5,0.45,2.0,177.0
396,0.0,0.0,0.0,0.0,0.0,0.0,0.0,6.125,0.0,0.739130434782609,1.8695652173913,29.0,177.0
397,0.0,0.0,0.0,0.0,9.77433333333334,0.0,0.0,8.33333333333333,0.0,0.0,0.0,93.0,179.0
398,0.0,0.0,0.0,0.0,9.68713333333333,0.0,0.0,9.56,0.0,0.0,0.0,110.0,177.0
399,0.0,0.0,0.0,0.0,9.60534085213032,0.0,0.0,9.78260869565217,0.0,0.0,0.0,118.0,177.0
400,0.0,0.0,0.0,0.0,9.75404761904762,0.0,0.0,10.375,0.0,0.0,0.0,168.0,177.0
401,0.0,0.0,0.0,0.0,9.85810263157895,0.0,0.0,10.125,0.0,0.0,0.0,129.0,200.0
402,0.0,0.0,0.0,0.0,9.771105263157889,0.0,0.0,5.55555555555556,0.0,0.0,0.0,126.0,60.0
403,0.0,0.0,0.0,0.0,9.72336315789474,0.0,0.0,4.54166666666667,0.0,0.0,0.0,90.0,32.0
404,0.0,0.0,0.0,0.0,9.57891812865497,0.0,0.0,3.28571428571429,0.0,0.0,0.0,71.0,30.0
405,0.122909090909091,0.0,0.0,0.0,9.71058823529412,0.0,0.0,4.04,10.3333333333333,0.0,0.0,79.0,37.0
406,0.0,0.0,0.0,0.0,9.70836842105263,0.0,0.0,4.31034482758621,2.51724137931034,0.0,0.0,69.0,38.0
407,0.207190476190476,0.0,0.0,0.0,6.94638181818182,0.0,0.0,6.88461538461539,0.0,0.0,0.0,169.0,29.0
408,0.0,0.0,0.0,0.0,0.0,0.0,0.0,17.56,1.5,0.0,0.0,178.0,28.0
409,0.0,0.0,0.0,0.0,0.0,0.0,0.0,24.5172413793103,1.92857142857143,1.89285714285714,0.0,159.0,31.0
410,0.0,0.0,0.0,0.0,0.0,0.0,0.0,9.52173913043478,1.43478260869565,1.95833333333333,0.0,154.0,34.0
411,0.0,0.0,0.0,0.0,0.0,0.0,0.0,12.6666666666667,0.0833333333333333,2.0,0.0,150.0,7.0
412,0.0,0.0,0.0,0.0,0.0,0.0,0.0,8.16,3.6,1.88,0.0,131.0,241.0
413,0.0,0.0,0.0,0.151345238095238,0.0,0.0,0.0,11.3846153846154,3.6,2.0,0.0,122.0,236.0
414,0.0,0.0,0.0,0.0,0.0,0.0,0.0,10.8636363636364,0.0,2.08695652173913,0.0,118.0,232.0
415,0.0,0.0,0.0,0.0,0.0,0.0,0.0,2.64,0.0,1.29166666666667,0.0,85.0,228.0
416,0.0,0.0,0.0,0.0,0.0,0.0,0.0,2.0,0.0,2.05263157894737,0.0,118.0,226.0
417,0.0,0.0,0.0,0.0,0.0,0.0,0.0,8.25925925925926,1.92,1.19230769230769,0.0,118.0,227.0
418,0.0,0.0,0.0,0.503188405797102,0.0,0.0,0.0,18.08,5.92,0.0,0.0,117.0,225.0
419,0.0,0.0,0.0,0.0,0.0,0.0,0.0,12.0,4.76470588235294,3.75,0.823529411764706,33.0,227.0
420,0.0,0.0,0.0,0.0,11.57785,0.0,0.0,5.36,0.173913043478261,2.08333333333333,0.0869565217391304,34.0,226.0
421,0.0,0.0,0.0,0.0,14.809057142857142,0.0,0.0,12.9565217391304,0.0,0.0,0.0,172.0,224.0
422,0.0,0.0,0.0,0.0,0.0,0.0,0.0,19.4444444444444,2.11111111111111,0.0,0.0,175.0,227.0
423,0.0,0.0,0.0,0.0,9.948649999999999,0.0114545454545455,0.0,13.4210526315789,0.578947368421053,0.0,0.0,147.0,223.0
424,0.0,0.0,0.0,0.0,9.75703759398497,0.0,0.0,13.3,0.0,0.0,0.0,188.0,2.0
425,0.0,0.0,0.0,0.0,9.70868095238095,0.0,0.0,9.76470588235294,0.0,0.0,0.0,207.0,10.0
426,0.0,0.0,0.0,0.0,9.66028421052632,0.0,0.0,7.91304347826087,0.0,0.0,0.0,226.0,10.0
427,0.0,0.0,0.0,0.0,9.78054385964912,0.0,0.0,5.52173913043478,0.0,0.0,0.0,185.0,15.0
428,0.0,0.0,0.0,0.0,9.67945,0.0,0.0,2.75,0.0,0.0,0.0,190.0,20.0
429,0.0,0.0,0.0,0.0,9.667945887445882,0.0,0.0,0.0,0.0,0.0,0.0,180.0,13.0
430,0.0988181818181818,0.0,0.0,0.0,9.693888888888889,0.0653636363636364,0.0,0.68,0.0,0.0,0.0,170.0,8.0
431,0.0,0.0,0.0,0.0,7.40626666666666,0.15935,0.0,6.749,0.0,0.0,0.0,105.0,0.0
432,0.0,0.0,0.0,0.0,0.0,0.0,0.0,7.633,6.732,0.493,0.0,86.0,1.0
433,0.0,0.0,0.0,0.0,0.0,0.0,0.0,7.701,7.463,14.025,0.0,56.0,0.0
434,0.0,0.0,0.0,0.0,0.0,0.0,0.0,7.718,1.649,12.053,0.0,115.0,0.0
435,0.0,0.0,0.0,0.0,0.0,0.0,0.0,56.032,0.187000000000001,4.624,0.0,174.0,0.0
436,0.0,0.0,0.0,0.0,0.0,0.0,0.0,279.072,0.0,0.0,0.0,158.0,28.0
437,0.0,0.0,0.0,0.0,0.0,0.0,0.0,319.073,0.0,0.0,0.0,141.0,30.0
438,0.0,0.0,0.0,0.0,0.0,0.0,0.0,274.55,0.0,0.0,0.0,108.0,29.0
439,0.0,0.0,0.0,0.0,0.0,0.0,0.0,52.6659999999999,0.0,0.0,0.0,122.0,27.0
440,0.0,0.0,0.0,0.0,0.0,0.0,0.0,16.167,28.39,0.0,0.0,118.0,27.0
441,0.0,0.0,0.0,0.0,0.0,0.0,0.0,0.0,240.652,0.0,0.0,117.0,28.0
442,0.4,0.0,0.0,0.1315,0.0,0.0,0.0,0.0,9.77499999999998,0.543999999999997,2.397,55.0,27.0
443,0.4,0.0,0.0,2.311,0.0,0.0,0.0,0.0,14.977,0.0,0.102,52.0,27.0
444,0.4,0.0,0.0,0.0,0.0,0.0,0.0,0.0,6.54499999999996,0.0,0.0,90.0,28.0
445,0.4,0.0,0.0,0.0,0.0,0.0,0.0,0.0,9.14600000000002,0.0,0.748,60.0,28.0
446,0.0,0.0,0.0,0.0,9.68154545454545,0.6855,0.0,0.0,5.57600000000002,0.0,2.55,77.0,27.0
447,0.0,0.0,0.0,0.0,9.64762619047619,0.0,0.0,0.0,11.73,0.0,2.499,48.0,26.0
448,0.0,0.0,0.0,0.0,9.63457894736842,0.0,0.0,0.0,4.52200000000005,0.0,2.55,73.0,0.0
449,0.746590909090909,0.0,0.0,0.0,9.70747117794486,0.0,0.0,0.0,2.43099999999998,0.0,2.499,51.0,72.0
450,0.0,0.0,0.0,0.0,9.69076190476191,0.0,0.0,0.0,1.649,0.0,0.0,115.0,78.0
451,0.0,0.0,0.0,0.0,9.695260869565221,0.0,0.0,0.0,2.142,0.0,0.0,151.0,81.0
452,0.0,0.0,0.0,0.0,9.752894736842102,0.0,0.0,0.0,2.04,0.0,0.0,185.0,84.0
453,0.0,0.0,0.0,0.0,9.73535,0.0,0.0,0.0,2.125,0.0,0.0,192.0,83.0
454,0.0,0.0,0.0,0.0,9.61984210526315,0.0,0.0,0.0,12.359,0.0,1.241,115.0,87.0
455,0.0,0.0,0.0,0.0,8.2328125,0.0,0.0,0.0,18.275,0.0,1.836,126.0,84.0
456,0.0,0.0,0.0,0.0,0.0,0.0,0.0,3.553,3.791,0.0,0.0,103.0,83.0
457,0.0,0.0,0.0,0.0,0.0,0.0,0.0,16.082,4.48800000000001,0.136,0.0,187.0,10.0
458,0.0,0.0,0.0,0.0,0.0,0.0,0.0,11.033,8.075,3.621,0.0,225.0,10.0
459,0.0,0.0,0.0,0.0,0.0,0.0,0.0,0.986000000000001,1.853,4.845,0.0,263.0,4.0
460,0.0,0.0,0.0,0.0,0.0,0.0,0.0,11.968,2.516,3.74,0.0,11.0,184.0
461,0.0,0.0,0.0,0.0,0.0,0.0,0.0,2.55,26.571,5.95,0.0,202.0,199.0
462,0.0,0.0,0.0,0.0,0.0,0.0,0.0,0.0,25.245,6.12,0.0,183.0,199.0
463,0.0,0.0,0.0,0.0,0.0,0.0,0.0,9.622,21.573,5.593,0.0,95.0,198.0
464,0.0,0.0,0.0,0.0,0.0,0.0,0.0,0.0,17.068,0.0,0.0,99.0,195.0
465,0.0,0.0,0.0,0.0,0.0,0.0,0.0,0.0,6.239,0.204000000000001,0.0,74.0,192.0
466,0.0,0.0,0.0,0.0,0.0,0.0,0.0,8.432,5.797,2.108,19.771,62.0,190.0
467,0.0,0.0,0.0,0.0,0.0,0.0,0.0,36.006,2.78800000000001,0.0,24.429,60.0,190.0
468,0.0,0.0,0.0,0.0,0.0,0.0,0.0,39.559,2.87299999999999,2.431,0.0,57.0,189.0
469,0.0,0.0,0.0,0.0,0.0,0.0,0.0,25.177,0.86699999999999,1.309,583.321,56.0,190.0
470,1.59766666666667,0.0,0.0,0.0659333333333333,0.0,0.0,0.077,69.394,0.0,0.0,0.0,53.0,191.0
471,0.194041666666667,1.8655989010989038,1.8655989010989038,0.0,7.34391071428571,0.0,0.0,73.814,0.0,0.0,0.0,52.0,191.0
472,0.0,0.0,0.0,0.0,14.926124999999999,0.0679047619047619,0.0,76.585,0.0,0.0,0.0,49.0,37.0
473,0.0,0.0,0.0,0.0,15.0278141025641,0.24105,0.0,68.85,0.0,0.0,0.0,5.0,44.0
474,0.0,0.0,0.0,0.0,0.0,0.0,0.0,0.0,0.0,0.0,0.0,28.0,48.0
475,0.0,0.0,0.0,0.0,0.0,0.0,0.0,0.0,0.0,0.0,0.0,164.0,15.0
476,0.0,0.0,0.0,0.0,0.0,0.0,0.0,0.0,0.0,0.0,0.0,209.0,7.0
477,0.0,0.0,0.0,0.0,0.0,0.0,0.0,0.0,0.0,0.0,0.0,225.0,7.0
478,0.0,0.0,0.0,0.0,0.0,0.0,0.0,0.0,0.0,0.0,0.0,194.0,14.0
479,1.07486363636364,0.0,0.0,0.0,0.0,0.0,0.0,0.0,0.017,0.0,0.986,188.0,13.0
480,0.0,0.0,0.0,0.0,0.0,0.0,0.0,8.466,2.159,0.0,0.289,189.0,10.0
481,0.0,0.0,0.0,0.0,0.0,0.0,0.0,9.231,2.737,0.0,0.0,192.0,12.0
482,0.0,0.0,0.0,0.0,0.0,0.0,0.0,132.702,1.071,0.0,0.0,172.0,14.0
483,0.0,0.0,0.0,0.0,0.0,0.0,0.0,343.468,0.0,158.168,0.0,206.0,0.0
484,0.0,0.0,0.0,0.0,0.0,0.0,0.0,335.087,0.0,3.24700000000001,0.0,7.0,55.0
485,0.0,0.0,0.0,0.0,0.0,0.0,0.0,191.284,0.408,0.0,0.0,209.0,50.0
486,0.0,0.0,0.0,0.0,0.0,0.0,0.0,0.0,39.491,0.0,0.0,173.0,42.0
487,0.0,0.0,0.0,0.0,0.0,0.0,0.0,0.0,0.0,0.0,0.0,143.0,41.0
488,0.0,0.0,0.0,0.0,0.0,0.0,0.0,0.0,2.431,0.0,0.0,122.0,40.0
489,0.0,0.0,0.0,0.0,0.0,0.0,0.0,0.0,4.25000000000001,0.0,0.0,114.0,41.0
490,0.0,0.0,0.0,0.0,0.0,0.0,0.0,0.0,0.373999999999995,0.594999999999999,0.0,92.0,41.0
491,0.0,0.0,0.0,0.0,0.0,0.0,0.0,10.4549999999999,1.904,1.92099999999999,0.0,76.0,41.0
492,0.0,0.0,0.0,0.0,0.0,0.0,0.0,64.481,149.379,0.730999999999995,0.034,68.0,42.0
493,0.0,0.0,0.0,4.287,4.287,0.0,0.0,79.3220000000001,0.0,0.0,2.686,65.0,41.0
494,0.0,0.0,0.0,7.6659999999999995,7.6659999999999995,0.0,0.0,73.6099999999999,0.0,1.666,0.221,59.0,41.0
495,0.0,0.0,0.0,4.758,4.758,0.0,0.0,72.182,0.0,2.04000000000002,1.139,59.0,42.0
496,0.0,0.0,0.0,5.861,5.861,0.0,0.0,67.1840000000002,0.0,1.666,0.0,53.0,0.0
497,0.0,0.0,0.0,12.1495,12.1495,12.621,0.0,63.2569999999998,201.552,0.0,0.0,3.0,17.0
498,0.0,0.0,0.0,0.8802000000000001,12.1495,0.7263690476190481,0.0,0.0,0.0,0.0,0.0,94.0,18.0
499,0.0,0.0,0.0,0.0,12.1495,0.0,0.0,0.0,0.0,0.0,0.0,131.0,25.0
500,0.0,0.0,0.0,0.00935,12.1495,0.0,0.0,0.0,0.0,0.0,0.0,173.0,30.0
501,0.0,0.0,0.0,0.0,12.1495,0.0,0.0,0.0,0.0,0.0,0.0,168.0,70.0
502,0.0,0.0,0.0,0.0,12.1495,0.0,0.0,0.0,0.0,0.0,0.0,196.0,57.0
503,0.0,0.0,0.0,0.0,12.1495,0.0,0.0,0.0,0.493,0.0,0.0,205.0,21.0
504,0.0,0.0,0.0,0.0,12.1495,0.0,0.0,0.0,2.023,0.935,0.0,190.0,18.0
505,0.0,0.0,0.0,0.0,0.0,0.0,0.0,5.389,2.023,3.094,0.0,184.0,46.0
506,0.0,0.0,0.0,0.0,0.0,0.0,0.0,8.092,0.306,2.788,0.0,182.0,58.0
507,0.0,0.0,0.0,0.0,0.0,0.0,0.0,15.708,0.0,1.904,0.0,180.0,205.0
508,0.0,0.0,0.0,0.0,0.0,0.0,0.0,41.871,0.0,0.629000000000001,0.0,7.0,209.0
509,0.0,0.0,0.0,0.0,0.0,0.0,0.0,67.643,0.0,0.0,0.0,181.0,202.0
510,0.0,0.0,0.0,0.0,0.0,0.0,0.0,69.36,0.0169999999999995,0.0,0.0,138.0,199.0
511,0.0,0.0,0.0,0.0,0.0,0.0,0.0,69.207,1.275,0.696999999999999,0.0,126.0,198.0
512,0.0,0.0,0.0,0.0,0.0,0.0,0.0,69.292,0.0,0.0,0.0,133.0,198.0
513,0.0,0.0,0.0,0.0,0.0,0.0,0.0,67.167,0.0,0.0,0.0,113.0,198.0
514,0.0,0.0,0.0,0.0,0.0,0.0,0.0,73.882,7.157,1.037,0.0,100.0,199.0
515,0.0,0.0,0.0,1.521753787878787,0.0,0.0,0.0,76.126,0.561,1.802,0.0,86.0,199.0
516,0.0,0.0,0.0,9.61948538011696,0.0,0.0,0.0,64.4639999999999,0.0,0.0,0.0,76.0,195.0
517,0.0,0.0,0.0,0.0,0.0,0.0,0.0,0.543999999999983,2.941,0.0,0.0,69.0,197.0
518,0.0,0.0,0.0,0.657540935672515,9.6873125,0.0,0.0,0.0170000000000528,1.343,0.0,0.0,59.0,197.0
519,0.0,0.0,0.0,0.0,9.60957894736842,0.0,0.0,0.0,1.819,0.0,0.0,59.0,146.0
520,0.0,0.0,0.0,0.0,9.75978229665071,0.0,0.0,0.0,1.904,0.0,0.0,59.0,3.0
521,0.0,0.0,0.0,0.0,9.75815,0.0,0.0,0.0,2.023,0.0,0.0,1.0,4.0
522,0.0,0.0,0.0,0.0,9.696597368421049,0.0,0.0,0.0,1.173,0.0,0.0,89.0,23.0
523,0.0,0.0,0.0,0.0,9.74145,0.0,0.0,0.0,0.0,0.0,0.0,106.0,49.0
524,0.0,0.0,0.0,0.0,9.72534523809524,0.0,0.0,0.0,0.0,0.0,0.0,175.0,95.0
525,0.0,0.0,0.0,0.0,9.732388888888892,0.0,0.0,0.0,0.119,0.0,0.0,208.0,57.0
526,0.0,0.0,0.0,0.0,9.732842105263149,0.5415238095238097,0.0,0.0,0.272,0.0,0.0,209.0,34.0
527,0.0,0.0,0.0,0.0,6.0803125,0.174571428571429,0.0,0.0,0.0,0.0,0.0,206.0,13.0
528,0.0,0.0,0.0,0.0,0.0,0.0,0.0,0.0,0.0,0.0,0.0,162.0,20.0
529,0.0,0.0,0.0,0.0,0.0,0.0,0.0,0.0,0.0,0.0,0.0,199.0,42.0
530,0.0,0.0,0.0,0.0,0.0,0.0,0.0,31.977,0.0,226.593,0.0,179.0,34.0
531,0.0,0.0,0.0,0.0,0.0,0.0,0.0,76.738,0.0,0.0,0.0,179.0,25.0
532,0.0,0.0,0.0,0.0,0.0,0.0,0.0,85.612,0.0,0.407999999999987,0.0,3.0,27.0
533,0.0,0.0,0.0,0.0,0.0,0.0,0.0,81.447,0.0,0.986000000000018,0.0,200.0,28.0
534,0.0,0.0,0.0,0.0,0.0,0.0,0.0,62.305,2.006,0.0,0.0,201.0,28.0
535,0.0,0.0,0.0,0.0,0.0,0.0,0.0,45.645,0.816,0.0849999999999795,0.0,177.0,28.0
536,0.0,0.0,0.0,0.0,0.0,0.0,0.0,80.036,1.445,0.0,0.0,80.0,28.0
537,0.0,0.0,0.0,0.0,0.0,0.0,0.0,83.963,2.788,0.0,0.0,66.0,29.0
538,0.0,0.0,0.0,0.0,0.0,0.0,0.0,77.197,3.009,0.0,0.0,46.0,28.0
539,0.0,0.0,0.0,0.0,0.0,0.0,0.0,86.1559999999999,1.53,0.0,0.663,30.0,27.0
540,0.0,0.0,0.0,0.0,0.0,0.0,0.0,83.657,0.577999999999999,0.119,0.0,23.0,29.0
541,0.0,0.0,0.0,0.0,0.0,0.0,0.0,86.989,0.918000000000001,0.0340000000000202,0.0,21.0,28.0
542,0.0,0.0,0.0,0.0,0.0,0.0,0.0,91.749,0.0,0.0,185.946,16.0,28.0
543,1.53404347826087,0.193423076923077,0.193423076923077,0.241384615384615,4.5946666666666705,0.1503,0.0,48.79,0.0,0.0,142.732,14.0,5.0
544,0.0,0.0,0.0,0.0,8.243400000000001,0.0,0.0628260869565217,11.1180000000001,0.0,0.0,0.0,15.0,3.0
545,0.234238095238095,0.0,0.0,0.0,9.75830476190476,0.0,0.0,10.3019999999999,0.0,0.0,0.0,1.0,58.0
546,0.0,0.0,0.0,0.0,9.66255,0.0,0.0,0.901,0.0,0.0,0.0,39.0,98.0
547,0.0,0.0,0.0,0.0,9.661404761904759,0.0,0.0,0.0,0.0,0.0,0.0,74.0,63.0
548,0.0,0.0,0.0,0.0,9.683194444444439,0.0,0.0,0.0,0.0,0.0,0.0,102.0,48.0
549,0.0,0.0,0.0,0.0,9.60666666666667,0.0,0.0,0.0,0.0,0.0,0.0,113.0,80.0
550,0.127772727272727,0.0,0.0,0.0,9.72825438596491,0.0,0.0,0.272,0.0,0.0,0.0,109.0,66.0
551,0.203095238095238,0.0,0.0,0.614739130434783,5.53870760233918,0.0,0.0,10.098,0.221,0.0,0.0,94.0,77.0
552,0.0,0.0,0.0,0.0,0.0,0.0,0.0,54.876,2.244,233.325,0.0,97.0,37.0
553,0.0,0.0,0.0,0.0,0.0,0.0,0.0,14.807,2.04,159.936,0.0,96.0,29.0
554,0.0,0.0,0.0,0.0,0.0,0.0,0.0,67.728,0.0,0.0,0.0,159.0,21.0
555,0.0,0.0,0.0,0.0,0.0,0.0,0.0,29.937,0.0,0.0,0.0,222.0,186.0
556,0.0,0.0,0.0,0.0,0.0,0.0,0.0,0.0,0.0,0.0,0.0,1.0,191.0
557,0.0,0.0,0.0,0.0,0.0,0.0,0.0,0.0,0.0,0.0,0.0,245.0,197.0
558,0.0,0.0,0.0,0.0,0.0,0.0,0.0,18.649,0.0,0.0,0.0,214.0,193.0
559,0.0,0.0,0.0,0.0,0.0,0.0,0.0,70.499,0.170000000000001,0.0,0.0,188.0,199.0
560,0.0,0.0,0.0,0.0,0.0,0.0,0.0,77.095,5.916,0.0,0.0,186.0,196.0
561,0.0,0.0,0.0,0.0,0.0,0.0,0.0,86.683,6.341,0.0,0.0,205.0,196.0
562,0.0,0.0,0.0,0.0,0.0,0.0,0.0,91.5620000000001,6.12,4.91300000000001,0.0,190.0,195.0
563,0.0,0.0,0.0,0.164913043478261,0.0,0.0,0.0,89.0799999999999,4.029,4.19900000000001,0.0,171.0,190.0
564,0.0,0.0,0.0,1.8562962962963,0.0,0.0,0.0,87.193,2.448,2.00599999999997,0.0,150.0,190.0
565,0.370111111111111,0.0,0.0,0.0,0.0,0.0,0.0,77.1970000000001,3.026,0.0,0.595,137.0,190.0
566,0.0,0.0,0.0,0.0,0.0,0.0,0.0,59.5849999999999,0.442,300.475,0.799,133.0,190.0
567,0.0,0.0,0.0,0.0,9.74863333333333,0.0,0.0,14.008,0.0,0.0,0.0,131.0,112.0
568,0.0,0.0,0.0,0.0,9.685210526315789,0.0,0.0,6.22199999999998,0.0,0.0,0.0,129.0,5.0
569,0.0,0.0,0.0,0.0,9.79687777777778,0.0,0.0,0.374000000000024,0.0,0.0,0.0,0.0,34.0
570,0.0,0.0,0.0,0.0,9.73805,0.0,0.0,0.153,0.0,0.0,0.0,54.0,42.0
571,0.0,0.0,0.0,0.0,9.757,0.0,0.0,0.051,0.0,0.0,0.0,127.0,52.0
572,0.0,0.0,0.0,0.0,9.82046052631579,0.0,0.0,7.956,0.0,0.0,0.0,142.0,72.0
573,0.0,0.0,0.0,0.0,9.78262619047619,0.0,0.0,8.619,0.0,0.0,0.0,234.0,88.0
574,0.0,0.0,0.0,0.0,9.786843137254909,0.0,0.0,0.612000000000002,0.0,0.0,0.0,214.0,47.0
575,0.0,0.0,0.0,0.0,7.01933040935673,0.0,0.0,0.135999999999999,0.0,0.017,0.0,218.0,55.0
576,0.0,0.0,0.0,0.0,0.0,0.0,0.0,3.655,0.0,0.0,0.0,227.0,29.0
577,0.0,0.0,0.0,0.0,0.0,0.0,0.0,66.011,0.0,0.0,0.0,219.0,13.0
578,0.0,0.0,0.0,0.0,0.0,0.0,0.0,85.476,0.0,1.683,0.0,154.0,16.0
579,0.0,0.0,0.0,0.0,0.0,0.0,0.0,77.197,0.0,0.578,0.0,89.0,14.0
580,0.0,0.0,0.0,0.0,0.0,0.0,0.0,6.08600000000001,0.0,0.0,0.0,3.0,14.0
581,0.0,0.0,0.0,0.0,0.0,0.0,0.0,76.755,0.0,0.0,0.0,179.0,14.0
582,0.0,0.0,0.0,0.0,0.0,0.0,0.0,57.579,0.0,4.692,0.0,213.0,14.0
583,0.0,0.0,0.0,0.0,0.0,0.0,0.0,15.045,0.0,5.899,0.0,144.0,13.0
584,0.0,0.0,0.0,0.0,0.0,0.0,0.0,67.949,0.0,0.629,0.0,133.0,14.0
585,0.0,0.0,0.0,0.0,0.0,0.0,0.0,82.161,0.0,0.0,0.0,181.0,15.0
586,0.0,0.0,0.0,0.0,0.0,0.0852352941176471,0.0,78.812,0.0,0.0,0.0,164.0,16.0
587,0.0,0.0,0.0,0.0,0.0,0.9607166666666661,0.0,76.2620000000001,0.0,0.0,0.0,149.0,14.0
588,2.79433333333333,0.0,0.0,3.48514285714286,0.0,5.4030000000000005,0.0,76.092,0.0,0.0,0.0,130.0,14.0
589,1.29315,0.0,0.0,12.454,0.0,0.0,0.0,74.6129999999999,0.0,0.0,0.0,132.0,14.0
590,0.0,0.0,0.0,2.9884166666666703,9.9875,0.0,0.0,20.672,1.802,0.0,0.0,130.0,14.0
591,0.0,0.0,0.0,0.0,9.789523684210529,0.280190476190476,0.0,15.691,2.329,0.0,0.0,126.0,14.0
592,0.0,0.0,0.0,0.0,9.715315789473689,0.0,0.0,5.40599999999995,2.159,86.5294117647059,0.0,105.0,9.0
593,0.0,0.0,0.0,0.0,9.74407428571429,0.0,0.0,0.0,2.227,0.0,0.0,3.0,14.0
594,0.0,0.0,0.0,0.0,9.677342105263161,0.0,0.0,2.0952380952381,2.31818181818182,0.0,0.0,96.0,18.0
595,0.0,0.0,0.0,0.0,9.77319047619048,0.0,0.0,2.95454545454545,2.52380952380952,0.0,0.0,261.0,15.0
596,0.0,0.0,0.0,0.0,9.64505263157895,0.0,0.0,0.65,2.57142857142857,0.0,0.0,98.0,14.0
597,0.0,0.0,0.0,0.0,9.87373684210526,0.0,0.0,0.954545454545455,0.571428571428571,0.0,0.0,49.0,5.0
598,0.0,0.0,0.0,0.0,9.62631578947369,0.0,0.0,0.523809523809524,0.0,0.0,0.0,35.0,6.0
599,0.970181818181818,0.0,0.0,0.0,9.12486666666666,0.0,0.0,4.25,0.0,0.0,0.0,26.0,4.0
600,0.0,0.0,0.0,0.0,0.0,0.0,0.0,16.2380952380952,0.0,0.493,0.0,106.0,8.0
601,0.0,0.0,0.0,0.0,0.0,0.0,0.0,7.57142857142857,0.0,14.025,0.0,115.0,22.0
602,0.0,0.0,0.0,0.0,0.0,0.0,0.0,9.76190476190476,0.0,12.053,0.0,107.0,49.0
603,0.0,0.0,0.0,0.0,0.0,0.0,0.0,33.0952380952381,0.0,4.624,0.0,99.0,145.0
604,0.0,0.0,0.0,0.0,0.0,0.0,0.0,40.6818181818182,0.0,0.0,0.0,1.0,144.0
605,0.0,0.0,0.0,0.0,0.0,0.0,0.0,3.23809523809524,0.0,0.0,0.0,155.0,143.0
606,0.0,0.0,0.0,0.0,0.0,0.0,0.0,4.90476190476191,0.0,0.0,0.0,172.0,140.0
607,0.0,0.0,0.0,0.0,0.0,0.0,0.0,48.0952380952381,2.1,0.0,0.0,149.0,140.0
608,0.0,0.0,0.0,0.0,0.0,0.0,0.0,82.6363636363636,3.14285714285714,0.0,0.0,155.0,141.0
609,0.0,0.0,0.0,0.0,0.0,0.0,0.0,72.1428571428571,0.571428571428571,0.0,0.0,162.0,141.0
610,0.0,0.0,0.0,0.0,0.0,0.0,0.0,73.9047619047619,4.28571428571429,0.543999999999997,0.142857142857143,157.0,141.0
611,0.0,0.0,0.0,0.0,0.0,0.0,0.0,55.3,5.85,0.0,0.0,152.0,141.0
612,0.0,0.0,0.0,0.0,0.0,0.0,0.0,67.8421052631579,6.0,0.0,0.0,140.0,141.0
613,0.0,0.0,0.0,0.0,0.0,0.0,0.0,71.1764705882353,5.82352941176471,0.0,0.888888888888889,128.0,142.0
614,0.775551724137931,0.0,0.0,0.0,0.0,0.0,0.0,24.8421052631579,2.47368421052632,0.0,0.368421052631579,126.0,143.0
615,0.0,0.0,0.0,0.0,9.903,0.0,0.0,3.35,1.71428571428571,0.0,0.0,120.0,2.0
616,0.0,0.0,0.0,0.0,9.682673684210531,0.0,0.0,11.8181818181818,2.0952380952381,0.0,0.0,114.0,92.0
617,0.0,0.0,0.0,0.0,9.71494444444444,0.0,0.0,9.2,2.28571428571429,0.0,0.0,2.0,0.0
618,0.0,0.0,0.0,0.0,9.65365789473684,0.0,0.0,3.57894736842105,2.2,0.0,0.0,29.0,0.0
619,0.0,0.0,0.0,0.0,9.71479736842105,0.0,0.0,1.77272727272727,2.14285714285714,0.0,0.0,93.0,0.0
620,0.1955,0.0,0.0,0.0,9.744426900584791,0.331380952380952,0.0,1.95238095238095,2.13636363636364,0.0,0.0476190476190476,110.0,3.0
621,0.0,0.0,0.0,0.0,9.81197953216374,0.0,0.0,8.04761904761905,0.761904761904762,0.0,0.0952380952380952,118.0,6.0
622,0.0,0.0,0.0,0.0,9.697,0.0,0.0,5.6,0.1,0.0,0.0,168.0,7.0
623,0.0,0.0,0.0,0.0,6.73694117647059,0.0,0.0,1.2,0.25,0.0,0.05,129.0,7.0
624,0.0,0.0,0.0,0.0,0.0,0.0,0.0,18.8095238095238,2.71428571428571,0.0,0.0,126.0,6.0
625,0.0,0.0,0.0,0.0,0.0,0.0,0.0,21.25,2.71428571428571,0.136,0.0,90.0,4.0
626,0.0,0.0,0.0,0.0,0.0,0.0,0.0,73.2105263157895,2.22222222222222,3.621,0.0,71.0,9.0
627,0.0,0.0,0.0,0.0,0.0,0.0,0.0,71.1,0.904761904761905,4.845,0.0,79.0,29.0
628,0.0,0.0,0.0,0.0,0.0,0.0,0.0,71.0476190476191,0.0,3.74,0.0,69.0,14.0
629,0.0,0.0,0.0,0.0,0.0,0.0,0.0,69.4285714285714,4.3,5.95,0.0,169.0,14.0
630,0.0,0.0,0.0,0.0,0.0,0.0,0.0,66.8571428571429,58.65,6.12,0.0,178.0,15.0
631,0.0,0.0,0.0,0.0,0.0,0.0,0.0,68.2380952380952,28.1904761904762,5.593,0.0,159.0,14.0
632,0.0,0.0,0.0,0.0,0.0,0.0,0.0,68.5714285714286,2.23529411764706,0.0,0.0,154.0,14.0
633,0.0,0.0,0.0,0.0,0.0,0.0,0.0,27.4545454545455,1.88235294117647,0.204000000000001,0.0,150.0,14.0
634,0.0,0.0,0.0,0.0,0.0,0.9556,0.0,43.2380952380952,2.13333333333333,2.108,0.0,131.0,14.0
635,0.0,0.632534782608696,0.632534782608696,1.1518219461697718,0.0,4.77638888888889,0.0,81.1904761904762,1.0952380952381,0.0,0.476190476190476,122.0,15.0
636,0.0,0.0,0.0,9.61001785714286,0.0,0.0,0.0,77.55,2.84210526315789,2.431,2.65,118.0,14.0
637,0.0,4.192333333333333,4.192333333333333,9.299299999999999,0.0,0.0,0.0,67.6,2.7,1.309,2.9,85.0,14.0
638,0.0,0.09225,0.09225,4.43670833333334,0.0,0.0,0.0,2.71428571428571,0.0,0.0,0.0,118.0,14.0
639,0.0,0.0,0.0,0.0,9.581688888888891,0.0,0.011047619047619,0.272727272727273,0.0,0.0,0.0,118.0,6.0
640,0.0,0.0,0.0,0.0,9.7512947368421,0.0,0.0,0.0,0.0,0.0,0.0,117.0,5.0
641,0.0,0.0,0.0,0.0,9.657699999999998,0.0,0.0,0.0,0.0,0.0,0.0,33.0,8.0
642,0.0,0.0,0.0,0.0,9.67786842105263,0.0,0.0,0.0,0.0,0.0,0.0,34.0,8.0
643,0.0,0.0,0.0,0.0,9.75308684210526,0.0,0.0,0.0,0.0,0.0,0.0,172.0,7.0
644,0.0,0.0,0.0,0.0,9.74489285714286,0.0,0.0,0.0,0.0,0.0,0.0,175.0,5.0
645,0.0,0.0,0.0,0.0,9.73377105263158,0.0,0.0,0.0,0.0,0.0,0.0,147.0,4.0
646,0.0,0.0,0.0,0.0,9.76430701754386,0.0,0.0,0.0416666666666667,0.0,0.0,0.0,188.0,3.0
647,0.0,0.0,0.0,0.0,9.11748355263158,0.0,0.0,1.78260869565217,0.0,0.0,0.0,207.0,2.0
648,0.0,0.0,0.0,0.0,0.0,0.0,0.0,9.45454545454546,1.68421052631579,0.0,6.14285714285714,226.0,6.0
649,0.0,0.0,0.0,0.0,0.0,0.0,0.0,6.09090909090909,2.72222222222222,0.0,7.45454545454545,185.0,153.0
650,0.0,0.0,0.0,0.0,0.0,0.0,0.0,58.6363636363636,2.25,0.0,3.59090909090909,190.0,171.0
651,0.0,0.0,0.0,0.0,0.0,0.0,0.0,76.0909090909091,0.666666666666667,158.168,0.0,180.0,164.0
652,0.0,0.0,0.0,0.0,0.0,0.0,0.0,78.8181818181818,3.0,3.24700000000001,0.0,170.0,163.0
653,0.0,0.0,0.0,0.0,0.0,0.0,0.0,3.04545454545455,3.10526315789474,0.0,0.0,105.0,164.0
654,0.0,0.0,0.0,0.0,0.0,0.0,0.0,0.0,2.81818181818182,0.0,0.0,86.0,159.0
655,0.0,0.0,0.0,0.0,0.0,0.0,0.0,44.5714285714286,2.0,0.0,0.0,56.0,159.0
656,0.0,0.0,0.0,0.0,0.0,0.0,0.0,81.0869565217391,1.0,0.0,0.0,115.0,158.0
657,0.0,0.0,0.0,0.0,0.0,0.0,0.0,78.9047619047619,0.0,0.0,0.0,174.0,156.0
658,0.0,0.0,0.0,0.0,0.0,0.0,0.0,74.5909090909091,0.0,0.594999999999999,0.0,158.0,32.0
659,0.0,0.9803125,0.9803125,2.08953333333333,0.0,0.0,0.0,71.5714285714286,0.473684210526316,1.92099999999999,0.0,141.0,36.0
660,0.0,0.0,0.0,7.86166666666667,0.0,0.0,0.0,67.85,3.0,0.730999999999995,2.05,108.0,35.0
661,0.0,0.0,0.0,2.981,0.0,0.0,0.0,64.7368421052632,1.72222222222222,0.0,2.05263157894737,122.0,37.0
662,0.0,0.0,0.0,0.0,0.0,0.0,0.0,37.8421052631579,0.0,1.666,0.0,118.0,36.0
663,0.0,0.0,0.0,2.0548333333333333,0.0,0.0,0.0,65.15,0.0,2.04000000000002,0.0,117.0,34.0
664,0.0,0.0,0.0,0.504,0.0,0.0,0.0,58.6,0.0,1.666,0.0,55.0,31.0
665,0.0,0.0,0.0,0.04835,9.77533436532508,0.0,0.0,0.0,0.0,0.0,0.0,52.0,29.0
666,0.0,0.0,0.0,0.0,9.78829824561404,0.0,0.0,0.0,0.0,0.0,0.0,90.0,29.0
667,0.0,0.0,0.0,0.0,9.72049444444444,0.0,0.0,0.0,0.0,0.0,0.0,60.0,29.0
668,0.0,0.0,0.0,0.0,9.677,0.0,0.0,0.0,0.0,0.0,0.0,77.0,2.0
669,0.0,0.0,0.0,0.0,9.764473684210529,0.0,0.0,0.0,0.0,0.0,0.0,48.0,29.0
670,0.0,0.0,0.0,0.0,9.77273976608188,0.0,0.0,0.0,0.0,0.0,0.0,73.0,41.0
671,0.0,0.0,0.0,0.0,8.27121428571429,0.0,0.0,0.0,0.0,0.0,0.0,51.0,40.0
672,0.0,0.0,0.0,0.0,0.0,0.0,0.0,1.72727272727273,5.66666666666667,0.935,0.0,115.0,41.0
673,0.0,0.0,0.0,0.0,0.0,0.0,0.0,1.45454545454545,5.94117647058824,3.094,0.0,151.0,41.0
674,0.0,0.0,0.0,0.0,0.0,0.0,0.0,33.0909090909091,1.70588235294118,2.788,0.0,185.0,41.0
675,0.0,0.0,0.0,0.0,0.0,0.0,0.0,79.5,0.0,1.904,0.0,192.0,41.0
676,0.0,0.0,0.0,0.0,0.0,0.0,0.0,17.6363636363636,0.0,0.629000000000001,0.0,115.0,41.0
677,0.0,0.0,0.0,0.0,0.0,0.0,0.0,57.1363636363636,0.0,0.0,0.0,126.0,42.0
678,0.0,0.0,0.0,0.0,0.0,4.714,0.0,78.0909090909091,0.0,0.0,0.0,103.0,42.0
679,0.0,0.0,0.0,0.0,0.0,0.0,0.0,74.1818181818182,0.0,0.696999999999999,0.0,187.0,41.0
680,0.0,0.0,0.0,0.0,0.0,0.0,0.0,72.8095238095238,0.0,0.0,0.0,225.0,40.0
681,0.0,0.0,0.0,0.0,0.0,0.0,0.0,75.3333333333333,0.0,0.0,0.0,263.0,3.0
682,0.0,0.0,0.0,0.0,0.0,0.0,0.0,84.7727272727273,0.0,1.037,0.0,11.0,24.0
683,0.0,0.0,0.0,1.428466911764706,0.0,0.0,0.0,74.0476190476191,0.0,1.802,0.0,202.0,41.0
684,0.0,0.0,0.0,10.25433333333333,0.0,0.0,0.0,73.8,0.0,0.0,0.0,183.0,47.0
685,0.0,0.0,0.0,0.0,0.0,0.0,0.0,73.2105263157895,0.285714285714286,0.0,0.444444444444444,95.0,43.0
686,0.0,0.0,0.0,0.686,0.0,0.0,0.0,71.0526315789474,2.2,0.0,0.142857142857143,99.0,68.0
687,0.0,0.219583333333333,0.219583333333333,0.0,7.06831818181818,2.49880128205129,0.0,23.2857142857143,2.44444444444444,0.0,0.0,74.0,83.0
688,0.0,0.0,0.0,0.0,9.795168421052631,0.0,0.0,4.18181818181818,2.57894736842105,0.0,0.0,62.0,30.0
689,0.0,0.0,0.0,0.0,9.90825892857143,0.0,0.0,3.45,2.6,0.0,0.0,60.0,42.0
690,0.0,0.0,0.0,0.0,10.04354166666667,0.0,0.0,4.09090909090909,2.57142857142857,0.0,0.0,57.0,37.0
691,0.0,0.0,0.0,0.0,9.926125,0.0,0.0,4.0,2.25,0.0,0.0,56.0,35.0
692,0.0,0.0,0.0,0.0,10.093285714285715,0.0,0.0,3.71428571428571,2.73684210526316,0.0,0.0,53.0,0.0
693,0.0,0.0,0.0,0.0,9.930571428571431,0.0,0.0,2.90909090909091,2.6,0.0,0.0,52.0,22.0
694,0.0,0.0,0.0,0.0,10.089780952380947,0.0,0.0,3.86363636363636,0.0,0.0,0.0,49.0,28.0
695,0.0,0.0,0.0,0.0,6.000210714285711,0.0,0.0,3.54545454545455,0.0,0.0,0.0,5.0,27.0
696,0.0,0.0,0.0,0.0,0.2448,0.0,0.0,2.71428571428571,0.0,0.0,0.0,28.0,27.0
697,0.0,0.0,0.0,0.0,0.0328636363636364,0.0,0.0,3.56521739130435,0.0,0.0,0.0,164.0,27.0
698,0.0,0.0,0.0,0.0,0.0,0.0,0.0,8.18181818181818,0.0,226.593,0.0,209.0,28.0
699,0.0,0.0,0.0,0.0,0.0,0.0,0.0,12.6363636363636,0.0,0.0,0.0,225.0,27.0
700,0.0,0.0,0.0,0.0,0.0,0.0,0.0,7.13636363636364,0.0,0.407999999999987,0.0,194.0,27.0
701,0.0,0.0,0.0,0.0,0.0,0.0,0.0,46.6363636363636,1.86666666666667,0.986000000000018,0.0,188.0,28.0
702,0.0,0.0,0.0,0.0,0.0,0.0,0.0,74.4090909090909,2.70588235294118,0.0,0.0,189.0,28.0
703,0.0,0.0,0.0,0.0,0.0,0.0,0.0,11.5238095238095,0.181818181818182,0.0849999999999795,0.0,192.0,27.0
704,0.0,0.0,0.0,0.0,0.0,0.0,0.0,85.0,0.0,0.0,0.0,172.0,26.0
705,0.0,0.0,0.0,0.0,0.0,0.0,0.0,74.9523809523809,0.0,0.0,0.0,206.0,1.0
706,0.0,0.0,0.0,0.0,0.0,0.0,0.0,72.7727272727273,0.0,0.0,0.0,7.0,33.0
707,0.0,0.0,0.0,1.409809523809524,0.0,0.239,0.0,71.2857142857143,3.45,0.0,0.0,209.0,43.0
708,0.111586206896552,0.0,0.0,9.985,0.0,0.0,0.0,75.1,3.88235294117647,0.119,0.0,173.0,75.0
709,0.9112,0.0,0.0,10.12066666666667,0.0,0.0,0.0,76.55,0.647058823529412,0.0340000000000202,0.0,143.0,74.0
710,2.90267857142857,0.0,0.0,3.27985714285714,7.6642,0.0,0.0,36.8421052631579,0.0,0.0,0.0,122.0,51.0
711,0.0,0.0,0.0,0.0,9.78045476190476,0.0,0.0,9.27272727272727,0.0,0.0,0.0,114.0,36.0
712,0.0,0.0,0.0,0.0,9.798549999999999,0.0,0.0,9.61904761904762,0.0,0.0,0.0,92.0,31.0
713,0.0,0.0,0.0,0.0,9.73211403508772,0.0,0.0,9.45454545454546,0.0,0.0,0.0,76.0,41.0
714,0.0,0.0,0.0,0.0,9.656500000000001,0.0,0.0,9.0,0.0,0.0,0.0,68.0,51.0
715,0.0,0.0,0.0,0.0,9.68747619047619,0.0,0.0,6.76190476190476,0.0,0.0,0.0,65.0,62.0
716,0.0,0.0,0.0,0.0,9.71823684210526,0.0,0.0,6.68181818181818,0.0,0.0,0.0,59.0,1.0
717,0.0,0.0,0.0,0.0,9.756599999999999,0.0,0.0,6.66666666666667,0.0,0.0,0.0,59.0,182.0
718,0.0,0.0,0.0,0.0,9.61754473684211,0.0,0.0,5.66666666666667,0.0,0.0,0.0,53.0,183.0
719,1.50771428571429,0.0,0.0,0.0,4.485891812865489,0.0,0.0,7.45454545454545,0.0,0.0,0.0,3.0,179.0
720,5.27058333333333,0.0,0.0,0.0,0.0,0.0,0.0,13.0,0.0,233.325,0.0,94.0,178.0
721,4.545,0.0,0.0,0.0,0.0,0.0,0.0,9.22727272727273,0.0,159.936,0.0,131.0,179.0
722,4.49532,0.0,0.0,0.0,0.0,0.0,0.0,62.4285714285714,0.0,0.0,0.0,173.0,181.0
723,0.120625,0.0,0.0,0.0,0.0,0.0,0.0,47.8636363636364,0.0,0.0,0.0,168.0,180.0
724,0.0,0.0,0.0,0.0,0.0,0.0,0.0,10.2857142857143,0.0,0.0,0.0,196.0,177.0
725,0.0,0.0,0.0,0.0,0.0,0.0,0.0,7.66666666666667,2.18181818181818,0.0,0.0,205.0,177.0
726,0.0,0.0,0.0,0.0,0.0,0.0,0.0,27.0,1.47619047619048,0.0,0.0,190.0,179.0
727,0.0,0.0,0.0,0.0,0.0,0.0,0.0,71.4545454545455,0.571428571428571,0.0,0.0,184.0,177.0
728,0.0,0.0,0.0,0.0,0.0,0.0,0.0,76.3636363636364,1.38095238095238,0.0,0.0,182.0,177.0
729,0.0,0.0,0.0,0.0,0.0,0.0,0.0,66.7142857142857,0.0,0.0,0.0,180.0,177.0
730,0.0,0.0,0.0,0.0,0.0,0.0,0.0,9.85,0.0,4.91300000000001,0.0,7.0,200.0
731,0.0,0.0,0.0,0.0,0.0,0.0,0.0,10.3,1.55,4.19900000000001,0.0,181.0,60.0
732,0.0,0.0,0.0,0.0,0.0,0.0,0.0,79.75,1.26666666666667,2.00599999999997,1.21428571428571,138.0,32.0
733,0.500464285714286,0.0,0.0,7.792,0.0,0.0,0.0,78.0,2.82352941176471,0.0,2.66666666666667,126.0,30.0
734,2.09133333333333,0.0,0.0,5.5715,7.4635,0.0,2.4345,46.4,0.0,300.475,2.52631578947368,133.0,37.0
735,0.0,0.232714285714286,0.232714285714286,0.0,9.68582777777778,0.0,0.0,12.3809523809524,0.0,0.0,2.57142857142857,113.0,38.0
736,0.0,0.0,0.0,0.0,9.685792105263161,0.0,0.0,4.72727272727273,0.0,0.0,2.68181818181818,100.0,29.0
737,0.0,0.0,0.0,0.0,9.729947368421051,0.0,0.0,1.9047619047619,0.0,0.0,2.71428571428571,86.0,28.0
738,0.0,0.0,0.0,0.0,9.694199999999999,0.0,0.0,0.904761904761905,0.0,0.0,2.8,76.0,31.0
739,0.0,0.0,0.0,0.0,9.70225,0.0,0.0,0.428571428571429,0.0,0.0,2.8,69.0,34.0
740,0.0,0.0,0.0,0.0,9.73821052631579,0.0,0.0,0.363636363636364,0.0,0.0,1.45454545454545,59.0,7.0
741,0.0,0.0,0.0,0.0,9.70083333333333,0.0,0.0,0.523809523809524,0.0,0.0,0.0,59.0,241.0
742,0.0,0.0,0.0,0.0,9.69566666666667,0.0,0.0,0.590909090909091,0.0,0.0,0.0,59.0,236.0
743,0.0,0.0,0.0,0.0,9.747230576441101,0.0,0.0,0.380952380952381,0.0,0.017,0.0,1.0,232.0
744,0.140347826086957,0.0,0.0,7.56238095238095,0.521168421052632,0.0,0.0,13.5454545454545,1.66666666666667,0.0,0.0,89.0,228.0
745,0.0,0.0,0.0,9.3775,0.0,0.0,0.0,33.6666666666667,1.86363636363636,0.0,0.0,106.0,226.0
746,0.0,0.0,0.0,9.5273021978022,0.0,0.0,0.0,78.5909090909091,0.590909090909091,1.683,0.0,175.0,227.0
747,0.0,0.0,0.0,3.65192222222223,0.0,0.0,0.0,71.2857142857143,0.0,0.578,0.0,208.0,225.0
748,0.0,0.0,0.0,0.0,0.0,0.0,0.0,83.1428571428571,0.75,0.0,0.0,209.0,227.0
749,0.0,0.0,0.0,0.0,0.0,0.0,0.0,42.0952380952381,0.0,0.0,0.0,206.0,226.0
750,0.0,0.0,0.0,0.0,0.0,0.0,0.0,10.9545454545455,0.0,4.692,0.0,162.0,224.0
751,0.0,0.0,0.0,0.0,0.0,0.0,0.0,7.85714285714286,0.0,5.899,0.0,199.0,227.0
752,0.0,0.0,0.0,0.0,0.0,0.0,0.0,46.5454545454545,2.05263157894737,0.629,0.0,179.0,223.0
753,0.0,0.0,0.0,0.0,0.0,0.0,0.0,73.7142857142857,3.83333333333333,0.0,0.0,179.0,2.0
754,0.0,0.0,0.0,0.0,0.0,0.0,0.0,82.5,3.66666666666667,0.0,0.0,3.0,10.0
755,0.0,0.0,0.0,4.27055952380952,0.0,0.0,0.0,85.2380952380952,3.0625,0.0,0.0,200.0,10.0
756,0.0,13.57066666666667,13.57066666666667,10.00076923076923,0.0,0.0552222222222222,0.0,79.7222222222222,0.117647058823529,0.0,1.41176470588235,201.0,15.0
757,0.0,0.0,0.0,11.58625,0.0,0.0,0.0,72.9523809523809,0.0952380952380952,0.0,3.15,177.0,20.0
758,0.0625555555555556,0.0,0.0,0.0,6.10445833333333,3.72,0.0,3.28571428571429,0.0,0.0,0.0,80.0,13.0
759,0.0,0.0,0.0,0.0,5.042575757575761,0.0,0.0,1.63636363636364,0.0,0.0,0.0,66.0,8.0
760,0.0,0.0,0.0,0.0,5.04848809523809,0.0,0.0,0.772727272727273,0.0,86.5294117647059,0.0,46.0,0.0
761,0.0,0.0,0.0,0.0,5.082095238095244,0.0,0.0,0.142857142857143,0.0,0.0,0.0,30.0,1.0
762,0.0,0.0,0.0,0.0,5.047742857142857,0.0,0.0,0.0454545454545455,0.0,0.0,0.0,23.0,0.0
763,0.0,0.0,0.0,0.0,5.040238095238092,0.0,0.0,0.0,0.0,0.0,0.0,21.0,0.0
764,0.0,0.0,0.0,0.0,5.055441558441556,0.0,0.0,0.0,0.0,0.0,0.0,16.0,0.0
765,0.0,0.0,0.0,0.0,5.14696666666667,0.0,0.0,0.0,0.0,0.0,0.0,14.0,28.0
766,0.0,0.0,0.0,0.0,5.148058441558444,0.0,0.0,0.0,0.0,0.0,0.0,15.0,30.0
767,0.0,0.0,0.0,0.0,4.023891774891778,0.0,0.0,0.0,0.0,0.0,0.0,1.0,29.0
768,0.0,0.0,0.0,15.443999999999999,0.0,0.0,0.0,0.0,0.615384615384615,0.493,0.0,39.0,27.0
769,0.0,0.0,0.0,15.443999999999999,0.0,0.0,0.0,13.55,2.21428571428571,14.025,0.0,74.0,27.0
770,0.0,0.0,0.0,0.0,0.0,0.0,0.0,78.6842105263158,0.176470588235294,12.053,0.0,102.0,28.0
771,0.0,0.0,0.0,0.0,0.0,0.0,0.0,8.95454545454546,0.571428571428571,4.624,0.0,113.0,27.0
772,0.0,0.0,0.0,0.0,0.0,0.0,0.0,7.42857142857143,0.0,0.0,0.0,109.0,27.0
773,0.0,0.0,0.0,0.0,0.0,0.0,0.0,7.57142857142857,0.0,0.0,0.0,94.0,28.0
774,0.0,0.0,0.0,0.0,0.0,0.0,0.0,8.9,0.0,0.0,0.0,97.0,28.0
775,0.0,0.0,0.0,0.0,0.0,0.0,0.0,9.33333333333333,0.0,0.0,0.0,96.0,27.0
776,0.0,0.0,0.0,0.636083333333333,0.0,0.0,0.0,37.3809523809524,0.0,0.0,0.0,159.0,26.0
777,0.0,0.0,0.0,2.932809523809527,0.0,0.0,0.0,0.0,0.684210526315789,0.0,0.0,222.0,0.0
778,0.0,0.0,0.0,9.709,0.0,0.0,0.0,3.86363636363636,0.944444444444444,0.543999999999997,0.0,1.0,72.0
779,0.0,0.0,0.0,8.021,0.0,0.0,0.0,10.45,0.15,0.0,0.0,245.0,78.0
780,0.0,0.0,0.0,8.083535714285711,0.0,0.0,0.0,11.7647058823529,2.66666666666667,0.0,16.3076923076923,214.0,81.0
781,0.0,1.28864,1.28864,0.0,15.505,0.0,0.0,5.0,0.0,0.0,2.90909090909091,188.0,84.0
782,2.2242,0.0,0.0,0.0,9.73444444444444,0.0,0.0,4.90476190476191,0.0,0.0,2.72727272727273,186.0,83.0
783,1.69027272727273,0.0,0.0,0.0,9.675384615384619,0.0,0.0,6.80952380952381,0.0,0.0,2.80952380952381,205.0,87.0
784,0.0,0.0,0.0,0.0,9.77347368421053,0.0,0.0,6.09090909090909,0.0,0.0,2.68181818181818,190.0,84.0
785,0.0,0.0,0.0,0.0,9.61483333333334,0.0,0.0,4.45454545454545,0.0,0.0,2.76190476190476,171.0,83.0
786,0.0,0.0,0.0,0.0,9.803049999999999,0.0,0.0,4.04761904761905,0.0,0.0,2.68181818181818,150.0,10.0
787,0.0,0.0,0.0,0.0,9.698,0.0,0.0,3.85714285714286,0.0,0.0,2.71428571428571,137.0,10.0
788,0.0,0.0,0.0,0.0,9.74111842105263,0.0,0.0,4.68181818181818,0.0,0.0,2.71428571428571,133.0,4.0
789,0.0,0.0,0.0,0.0,9.64213684210526,0.0,0.0,4.0,0.0,0.0,0.545454545454545,131.0,184.0
790,0.0,0.0,0.0,0.0,9.67728070175438,0.0,0.0,4.09523809523809,0.0,0.0,0.0,129.0,199.0
791,0.687590909090909,0.0,0.0,0.0,8.384105263157899,0.0,0.0,4.19047619047619,0.0,0.0,0.0,0.0,199.0
792,0.0,0.0,0.0,0.0,0.0,0.0,0.0,5.68181818181818,0.0,0.0,0.0,54.0,198.0
793,0.0,0.0,0.0,0.0,0.0,0.0,0.0,6.09523809523809,0.0,0.136,0.0,127.0,195.0
794,0.0,0.0,0.0,0.0,0.0,0.0,0.0,24.6818181818182,0.0,3.621,0.0,142.0,192.0
795,0.0,0.0,0.0,0.0,0.0,0.0,0.0,9.14285714285714,0.0,4.845,0.0,234.0,190.0
796,0.0,0.0,0.0,0.0,0.0,0.0,0.0,213.666666666667,0.0,3.74,0.0,214.0,190.0
797,0.0,0.0,0.0,0.0,0.0,0.0,0.0,273.047619047619,0.0,5.95,0.0,218.0,189.0
798,0.0,0.0,0.0,0.0,0.0,0.0,0.0,138.681818181818,0.0,6.12,0.0,227.0,190.0
799,0.0,0.0,0.0,0.0,0.0,0.0,0.0,12.3809523809524,0.0,5.593,0.0,219.0,191.0
800,0.0,0.0,0.0,0.0,0.0,0.0,0.0,20.3333333333333,0.0,0.0,0.0,154.0,191.0
801,0.0,0.0,0.0,0.0,0.0,0.0,0.0,14.8636363636364,0.0,0.204000000000001,0.0,89.0,37.0
802,0.0,0.0,0.0,0.0,0.0,0.0,0.0,10.2380952380952,0.0,2.108,0.0,3.0,44.0
803,0.0,0.0,0.0,1.0936842105263151,0.0,0.0,0.0,20.047619047619,0.15,0.0,0.0,179.0,48.0
804,0.0,0.0,0.0,0.0,0.0,0.0,0.0,74.5,2.94117647058824,2.431,0.0,213.0,15.0
805,0.253777777777778,0.0,0.0,0.0,0.0,0.232,0.0,25.5,0.714285714285714,1.309,0.0,144.0,7.0
806,0.0116363636363636,0.0,0.0,0.0,9.737,0.0,0.0,2.84210526315789,0.0,0.0,0.0,133.0,7.0
807,0.0,0.0,0.0,0.0,9.739222222222221,0.0,0.0,3.35,0.0,0.0,0.0,181.0,14.0
808,0.0,0.0,0.0,0.0,9.73961904761905,0.0,0.0,4.0,0.0,0.0,0.0,164.0,13.0
809,0.0,0.0,0.0,0.0,9.74900292397661,0.0,0.0,4.0,0.0,0.0,0.0,149.0,10.0
810,0.0,0.0,0.0,0.0,9.723602631578949,0.0,0.0,2.85714285714286,0.0,0.0,0.0,130.0,12.0
811,0.0,0.0,0.0,0.0,9.7865,0.0,0.0,2.63636363636364,0.0,0.0,0.0,132.0,14.0
812,0.0,0.0,0.0,0.0,9.73333918128655,0.0,0.0,3.80952380952381,0.0,0.0,0.0,130.0,0.0
813,0.0,0.0,0.0,0.0,9.631462242562929,0.0,0.0,4.0,0.0,0.0,0.0,126.0,55.0
814,0.0,0.0,0.0,0.0,9.71303809523809,0.0,0.0,4.18181818181818,0.0,0.0,0.0,105.0,50.0
815,0.461705882352941,0.0,0.0,0.0,8.063066666666671,0.0,0.0,3.7,0.0,0.0,0.0,3.0,42.0
816,0.0,0.0,0.0,0.0,0.0,0.0,0.0,6.75,0.0,0.0,0.0,96.0,41.0
817,0.0,0.0,0.0,0.0,0.0,0.0,0.0,6.33333333333333,0.0,0.0,0.0,261.0,40.0
818,0.0,0.0,0.0,0.0,0.0,0.0,0.0,3.05,0.0,0.0,0.0,98.0,41.0
819,0.0,0.0,0.0,0.0,0.0,0.0,0.0,5.47368421052632,32.6842105263158,158.168,21.4210526315789,49.0,41.0
820,0.0,0.0,0.0,0.0,0.0,0.0,0.0,0.0,304.428571428571,3.24700000000001,0.0,35.0,41.0
821,0.0,0.0,0.0,0.0,0.0,0.0,0.0,0.0,279.0,0.0,0.0,26.0,42.0
822,0.0,0.0,0.0,0.0,0.0,0.0,0.0,0.0,35.75,0.0,0.0,106.0,41.0
823,0.0,4.8578125,4.8578125,0.0,0.0,0.0,0.0,10.2777777777778,3.33333333333333,0.0,0.0,115.0,41.0
824,0.0,4.824,4.824,0.0,0.0,0.0,0.0,76.85,0.0,0.0,0.0,107.0,42.0
825,0.0,2.16437931034483,2.16437931034483,0.0,0.0,0.0,0.0,38.2857142857143,0.0,0.0,0.0,99.0,0.0
826,0.0,0.0,0.0,0.0,0.0,0.0,0.0,6.27272727272727,0.0,0.594999999999999,0.0,1.0,17.0
827,0.0,0.0,0.0,0.0,0.0,0.0,0.0,61.35,0.0,1.92099999999999,0.0,155.0,18.0
828,0.0,0.0,0.0,0.0,0.0,0.0,0.0,74.1,2.76190476190476,0.730999999999995,1.80952380952381,172.0,25.0
829,0.0,0.0,0.0,0.0,8.046,0.240666666666667,0.0,18.3333333333333,0.285714285714286,0.0,2.71428571428571,149.0,30.0
830,0.0,0.0,0.0,0.0,9.881823529411761,0.238545454545455,0.0,12.0952380952381,0.0,1.666,2.71428571428571,155.0,70.0
831,0.0,0.0,0.0,0.0,9.750144444444441,0.0565454545454545,0.0,11.8095238095238,0.0,2.04000000000002,2.54545454545455,162.0,57.0
832,0.0,0.0,0.0,0.0,9.65915789473684,0.0,0.0,11.2727272727273,0.0,1.666,2.57142857142857,157.0,21.0
833,0.0,0.0,0.0,0.0,9.7286290726817,0.0,0.0,4.09523809523809,0.0,0.0,2.61904761904762,152.0,18.0
834,0.0,0.0,0.0,0.0,9.686759398496239,0.0,0.0,3.95238095238095,0.0,0.0,2.90909090909091,140.0,46.0
835,0.315727272727273,0.0,0.0,0.0,9.6525,0.0,0.0,8.54545454545454,0.0,0.0,2.19047619047619,128.0,58.0
836,0.0,0.0,0.0,0.0,9.72620467836257,0.0,0.0,4.76190476190476,0.0,0.0,0.19047619047619,126.0,205.0
837,0.0,0.0,0.0,0.0,9.76459473684211,0.0,0.0,3.77272727272727,0.0,0.0,0.0,120.0,209.0
838,0.0,0.0,0.0,0.0,9.81789473684211,0.0,0.0,3.95238095238095,0.0,0.0,1.35,114.0,202.0
839,0.0,0.0,0.0,0.0,5.368600000000001,0.0,0.0,3.61904761904762,1.23809523809524,0.0,0.238095238095238,2.0,199.0
840,0.0,0.0,0.0,0.0,0.0,0.0,0.0,5.57142857142857,2.77272727272727,0.935,0.0,29.0,198.0
841,0.0,0.0,0.0,0.0,0.0,0.0,0.0,79.8181818181818,2.28571428571429,3.094,0.0,93.0,198.0
842,0.0,0.0,0.0,0.0,0.0,0.0,0.0,186.904761904762,0.619047619047619,2.788,0.0,110.0,198.0
843,0.0,0.0,0.0,0.0,0.0,0.0,0.0,296.190476190476,0.0,1.904,0.0,118.0,199.0
844,0.0,0.0,0.0,0.0,0.0,0.0,0.0,294.0,0.0,0.629000000000001,0.0,168.0,199.0
845,0.0,0.0,0.0,0.0,0.0,0.0,0.0,238.181818181818,0.0,0.0,0.0,129.0,195.0
846,0.0,0.0,0.0,0.0,0.0,0.0,0.0,9.28571428571429,0.55,0.0,0.0,126.0,197.0
847,0.0,0.0,0.0,0.0,0.0,0.0,0.0,10.1818181818182,1.71428571428571,0.696999999999999,0.0,90.0,197.0
848,0.0,0.0,0.0,0.0,0.0,0.0,0.0,10.1428571428571,1.40909090909091,0.0,0.0,71.0,146.0
849,0.0,0.0,0.0,0.0,0.0,0.0,0.0,36.7727272727273,0.0952380952380952,0.0,0.0,79.0,3.0
850,0.0,0.0,0.0,0.0,0.0,0.0,0.0,74.5,0.19047619047619,1.037,0.0,69.0,4.0
851,0.898454545454545,7.1184678362573095,7.1184678362573095,0.671090909090909,0.0,0.0121578947368421,0.0,77.6190476190476,3.59090909090909,1.802,0.0952380952380952,169.0,23.0
852,0.809888888888889,16.12616666666667,16.12616666666667,4.83311538461539,0.0,0.0,0.0,78.1363636363636,0.952380952380952,0.0,1.76190476190476,178.0,49.0
853,0.0,0.0,0.0,4.83539130434783,14.50617391304349,0.0,0.0,72.2857142857143,0.75,0.0,0.157894736842105,159.0,95.0
854,3.81924137931034,0.0,0.0,4.7917,14.3751,0.0,0.0,79.9,0.0,0.0,0.0,154.0,57.0
855,2.36986956521739,0.0,0.0,2.16227272727273,10.527507575757578,0.0,0.0,28.9545454545455,0.0,0.0,0.0,150.0,34.0
856,0.0,0.0,0.0,0.0,9.653894736842108,0.0,0.0,8.42857142857143,0.0,0.0,0.0,131.0,13.0
857,0.0,0.0,0.0,0.0,9.786455555555559,0.0,0.0,6.80952380952381,0.0,0.0,0.0,122.0,20.0
858,0.0,0.0,0.0,0.0,9.7175,0.0,0.0,4.31818181818182,0.0,0.0,0.0,118.0,42.0
859,0.0,0.0,0.0,0.0,9.724326315789469,0.0,0.0,2.71428571428571,0.0,0.0,0.0,85.0,34.0
860,0.0,0.0,0.0,0.0,9.71615526315789,0.0,0.0,1.05,0.0,0.0,0.0,118.0,25.0
861,0.0,0.0,0.0,0.0,9.78347619047619,0.0,0.0,1.36363636363636,0.0,0.0,0.0,118.0,27.0
862,0.0,0.0,0.0,0.0,9.69185714285714,0.0,0.0,1.0,0.0,0.0,0.0,117.0,28.0
863,0.0,0.0,0.0,0.0,9.771,0.0,0.0,1.5,0.0,0.0,0.0,33.0,28.0
864,0.0,0.0,0.0,0.0,0.458108225108225,0.0,0.0,11.8636363636364,0.952380952380952,0.0,0.0,34.0,28.0
865,0.0,0.0,0.0,0.0,0.0,0.0,0.0,9.40909090909091,4.05,0.0,0.0,172.0,28.0
866,0.0,0.0,0.0,0.0,0.0,0.0,0.0,8.57142857142857,3.95454545454545,226.593,0.0,175.0,29.0
867,0.0,0.0,0.0,0.0,0.0,0.0,0.0,9.95238095238095,3.80952380952381,0.0,0.0,147.0,28.0
868,0.0,0.0,0.0,0.0,0.0,0.0,0.0,78.4090909090909,3.85714285714286,0.407999999999987,0.0,188.0,27.0
869,0.0,0.0,0.0,0.0,0.0,0.0,0.0,84.6190476190476,2.54545454545455,0.986000000000018,0.0,207.0,29.0
870,0.0,0.0,0.0,0.0,0.0,0.0,0.0,48.3636363636364,224.25,0.0,0.0,226.0,28.0
871,0.0,0.0,0.0,0.0,0.0,0.0,0.0,41.4285714285714,1.42857142857143,0.0849999999999795,0.0,185.0,28.0
872,0.0,0.0,0.0,0.0,0.0,0.0,0.0,86.2272727272727,3.38095238095238,0.0,0.0,190.0,5.0
873,0.0,0.0,0.0,0.0,0.0,0.2441,0.0,84.5714285714286,2.76190476190476,0.0,0.0,180.0,3.0
874,0.0,0.0,0.0,0.0,0.0,0.020952380952381,0.0,79.6666666666667,3.23809523809524,0.0,0.0,170.0,58.0
875,0.657565217391304,0.0,0.0,2.19007142857143,0.0,0.0,0.0,89.3809523809524,2.9,0.0,1.47368421052632,105.0,98.0
876,0.0,0.0,0.0,1.5428,0.0,0.0,0.0,93.0952380952381,1.0,0.119,3.3125,86.0,63.0
877,0.0,0.0,0.0,0.0,9.27266666666666,0.0,0.0,85.35,3.57894736842105,0.0340000000000202,3.5,56.0,48.0
878,0.0,0.0,0.0,0.0,8.18391608391609,0.0,0.0,79.25,6.27777777777778,0.0,0.0,115.0,80.0
879,1.46214814814815,0.0,0.0,0.0,6.91358596491229,0.0,0.0,38.2380952380952,3.15789473684211,0.0,0.0,174.0,66.0
880,0.0,0.0,0.0,0.0,6.91358596491229,0.0,0.0,3.85,2.81818181818182,0.0,0.0,158.0,77.0
881,0.234260869565217,0.0,0.0,0.180275862068966,6.91358596491229,0.0,0.0,5.76190476190476,0.578947368421053,0.0,0.0,141.0,37.0
882,0.0,0.0,0.0,0.2990216450216455,6.91358596491229,0.0,0.0,9.57142857142857,0.0,0.0,0.0,108.0,29.0
883,0.0,0.0,0.0,0.0,6.91358596491229,0.0,0.0,4.2,0.0,0.0,0.0,122.0,21.0
884,0.0,0.0,0.0,0.0,6.91358596491229,0.0,0.0,4.4,0.0,0.0,0.0,118.0,186.0
885,0.0,0.0,0.0,0.0,9.27266666666666,0.0,0.0,4.61904761904762,1.76190476190476,0.0,0.0,117.0,191.0
886,0.0,3.59884848484849,3.59884848484849,0.0,8.18391608391609,0.0,0.0,5.80952380952381,0.428571428571429,0.0,0.0,55.0,197.0
887,0.601714285714286,8.155564035087721,8.155564035087721,0.0,6.91358596491229,0.0,0.0,7.95238095238095,0.0,0.0,0.0,52.0,193.0
888,2.6569,2.738,8.155564035087721,0.0,0.0,0.0,0.0,8.81818181818182,0.0,233.325,0.0,90.0,199.0
889,2.763,1.726,8.155564035087721,0.0,0.0,0.0,0.0,7.71428571428571,0.904761904761905,159.936,0.0,60.0,196.0
890,0.0,0.0,0.0,0.0,0.0,0.0,0.0,9.19047619047619,256.833333333333,226.593,1.52941176470588,77.0,196.0
891,0.0,0.0,0.0,0.0,0.0,0.0,0.0,10.2631578947368,143.894736842105,0.0,0.0,48.0,195.0
892,0.0,0.0,0.0,0.0,0.0,0.0,0.0,8.65,117.611111111111,0.407999999999987,3.93333333333333,73.0,190.0
893,0.0,0.0,0.0,0.0,0.0,0.0,0.0,5.9,133.85,0.986000000000018,11.8571428571429,51.0,190.0
894,0.0,0.0,0.0,0.0,0.0,0.0,0.0,4.25,101.85,0.0,6.0,115.0,190.0
895,0.0,0.0,0.0,0.0,0.0,0.0,0.0,3.19047619047619,101.0,0.0849999999999795,0.0,151.0,190.0
896,0.0,0.0,0.0,0.0,0.0,0.0,0.0,3.14285714285714,118.0,0.0,0.0,185.0,112.0
897,0.0,0.0,0.0,0.0,0.0,0.0,0.0,21.3636363636364,75.0,0.0,0.0,192.0,5.0
898,0.0,0.0,0.0,0.0,0.0,0.0,0.0,23.6842105263158,105.333333333333,0.0,0.0,115.0,34.0
899,0.0,0.0,0.0,0.0,0.0147647058823529,0.0,0.0,23.1428571428571,163.705882352941,0.0,0.0,126.0,42.0
900,0.0,0.0,0.0,0.0,0.0,0.0,0.0,19.7777777777778,161.0625,0.119,0.0,103.0,52.0
901,0.0,2.755,2.755,8.436,9.27266666666666,0.0,0.0,21.5454545454545,196.428571428571,0.0340000000000202,0.0,187.0,72.0
902,0.0,5.4155,5.4155,8.772,8.18391608391609,0.0,0.0,21.1818181818182,181.315789473684,0.0,0.0,225.0,88.0
903,0.0,3.375,6.0295000000000005,0.0,6.91358596491229,0.0,0.0,15.2352941176471,93.125,0.0,0.0,263.0,47.0
904,0.0,0.0,0.0,0.0,6.91358596491229,0.0,0.0,11.2777777777778,12.125,0.0,0.0,11.0,55.0
905,0.0,0.0,0.0,0.0,6.91358596491229,0.0,0.0,12.8666666666667,0.0,0.0,0.0,202.0,29.0
906,0.0,0.0,0.0,0.0,6.91358596491229,0.0,0.0,4.88888888888889,0.0,0.0,0.0,183.0,13.0
907,0.0,0.0,0.0,0.0,6.91358596491229,0.0,0.0,0.0,0.0,0.0,0.0,95.0,16.0
908,0.0,0.0,0.0,0.0,6.91358596491229,0.0,0.0,0.0,0.0,0.0,0.0,99.0,14.0
909,0.0,0.0,0.0,0.0,9.27266666666666,0.0,0.0,0.0,0.0,0.0,0.0,74.0,14.0
910,0.0,0.0,0.0,0.0,8.18391608391609,0.0,0.0,0.0,0.0,0.0,0.0,62.0,14.0
911,0.0,0.0,0.0,0.0,6.91358596491229,0.0,0.0,0.0,0.0,0.0,0.0,60.0,14.0
912,0.0,0.0,0.0,0.0,0.0,0.0,0.0,2.14285714285714,0.6,233.325,0.0,57.0,13.0
913,0.0,0.0,0.0,0.0,0.0,0.0,0.0,1.14285714285714,1.7,159.936,0.0,56.0,14.0
914,0.0,0.0,0.0,0.0,0.0,0.0,0.0,36.8947368421053,1.22222222222222,0.0,0.0,53.0,15.0
915,0.0,0.0,0.0,0.0,0.0,0.0,0.0,68.5,2.35714285714286,4.59090909090909,0.0,52.0,16.0
916,0.0,0.0,0.0,0.0,0.0,0.0,0.0,46.0416666666667,2.2,4.54166666666667,0.0,49.0,14.0
917,0.0,0.0,0.0,0.0,0.0,0.0,0.0,1.27272727272727,2.4,1.81818181818182,0.0,5.0,14.0
918,0.0,0.0,0.0,0.0,0.0,0.0,0.0,2.18181818181818,2.3125,3.85714285714286,0.0,28.0,14.0
919,0.0,0.0,0.0,0.0,0.0,0.0,0.0,18.125,2.52173913043478,0.0,8.47826086956522,164.0,14.0
920,0.0,0.0,0.0,0.0,0.0,0.0,0.0,54.6363636363636,2.41176470588235,0.0,3.4,209.0,14.0
921,0.0,0.0,0.0,0.0,0.0,0.0,0.0,13.2608695652174,2.125,0.0,0.0,225.0,9.0
922,0.0,0.0,0.0,0.0,0.0,0.0,0.0,22.3809523809524,0.8,0.0,0.0,194.0,14.0
923,0.0,0.0,0.0,2.925,0.0,0.0,0.0,75.5,1.80952380952381,0.0,0.0,188.0,18.0
924,0.0,0.0,0.0,2.99016666666667,0.0,0.0,0.0,70.8823529411765,2.47368421052632,326.222222222222,1.28571428571429,189.0,15.0
925,0.0,0.0,0.0,2.705,9.27266666666666,0.0,0.0,18.2380952380952,0.0,69.8095238095238,2.95454545454545,192.0,14.0
926,0.0,0.0,0.0,2.821,8.18391608391609,0.0,0.0,72.0,0.0,0.0,2.9375,172.0,5.0
927,0.0,0.0,0.0,0.258,6.91358596491229,0.0,0.0,32.75,0.0,0.0,0.1875,206.0,6.0
928,0.0,0.0,0.0,0.0,6.91358596491229,0.0,0.0,7.05882352941176,0.0,0.0,0.0,7.0,4.0
929,0.0,0.0,0.0,0.0,6.91358596491229,0.0,0.0,7.0,0.0,0.0,0.0,209.0,8.0
930,0.0,0.0,0.0,0.0,0.0,0.0,0.0,7.16666666666667,0.0,0.0,0.0,173.0,22.0
931,0.0,0.0,0.0,0.0,0.0,0.0,0.0,4.6875,0.0,0.0,0.0,143.0,49.0
932,0.0,0.0,0.0,0.0,0.0,0.0,0.0,0.8125,0.0,0.0,0.0,122.0,145.0
933,0.0,0.0,0.0,0.0,0.0,0.0,0.0,0.0,0.0,0.0,0.0,114.0,144.0
934,0.0,0.0,0.0,0.0,0.0,0.0,0.0,0.0,0.0,0.0,0.0,92.0,143.0
935,0.0,0.0,0.0,0.0,0.0,0.0,0.0,0.0625,0.0,0.0,0.0,76.0,140.0
936,0.0,0.0,0.0,0.0,0.0,0.0,0.0,1.41176470588235,0.0,0.0,0.0,68.0,140.0
937,0.0,0.0,0.0,0.0,0.0,0.0,0.0,2.25,0.0,0.0,0.0,65.0,141.0
938,0.0,0.0,0.0,0.0,0.0,0.0,0.0,66.7333333333333,3.73333333333333,0.0,0.0,59.0,141.0
939,0.0,0.0,0.0,0.0,0.0,0.0,0.0,70.5,5.35714285714286,6.25,0.0,59.0,141.0
940,0.0,0.0,0.0,0.0,0.0,0.0,0.0,75.6666666666667,4.3125,14.3125,0.0,53.0,141.0
941,0.0,0.0,0.0,0.0,0.0,0.0,0.0,118.789473684211,2.5,16.9473684210526,0.0,3.0,141.0
942,0.0,0.0,0.0,0.0,0.0,0.0,0.0,111.736842105263,2.85714285714286,7.26315789473684,0.0,94.0,142.0
943,0.0,0.0,0.0,0.0,0.0,0.0,0.0,71.5652173913043,6.75,0.0,0.0,131.0,143.0
944,0.0,0.0,0.0,0.0,0.0,0.0,0.0,38.9523809523809,2.76190476190476,133.5,0.0,173.0,2.0
945,0.0,0.0,0.0,0.0,0.0,0.0,0.0,21.3333333333333,1.0,0.0,0.0,168.0,92.0
946,0.0,0.0,0.0,0.0,0.0,0.0,0.0,30.15,0.0,0.125,0.0,196.0,0.0
947,0.0,0.0,0.0,0.0,0.0,0.0,0.0,80.7272727272727,0.0,0.0,629.285714285714,205.0,0.0
948,0.0,0.0,0.0,0.0,0.0,0.0,0.0,76.4736842105263,2.0,0.75,0.0,190.0,0.0
949,0.0,0.0,0.0,0.0,11.64448809523809,0.0,0.0,76.65,0.3,0.0,0.0,184.0,3.0
950,0.29052,0.0,0.0,0.0,9.74900877192983,0.0,0.0,76.6315789473684,0.0,0.0,0.0,182.0,6.0
951,0.0,0.0,0.0,0.0,9.74625,0.0,0.0,80.35,1.52631578947368,0.0,147.8,180.0,7.0
952,0.0,0.0,0.0,0.0,9.681249999999999,0.0,0.0,82.3529411764706,2.3125,86.5294117647059,4.33333333333333,7.0,7.0
953,0.0,0.0,0.0,0.0,9.68147368421053,0.0,0.0,76.1052631578947,0.0,0.0,4.30769230769231,181.0,6.0
954,0.0,0.0,0.0,0.0,9.71738636363636,0.0121176470588235,0.0,9.26086956521739,0.0,0.0,0.0,138.0,4.0
955,0.0,0.0,0.0,0.0,9.702033333333329,0.0,0.0,8.625,0.0,0.0,0.0,126.0,9.0
956,0.0,0.0,0.0,0.0,9.7751052631579,0.0,0.0,6.33333333333333,0.0,0.0,0.0,133.0,29.0
957,0.0,0.0,0.0,0.0,9.76787719298246,0.0,0.0,3.68,0.0,0.0,0.0,113.0,14.0
958,0.0,0.0,0.0,0.0,9.80905,0.0,0.0,3.56521739130435,0.0,0.0,0.0,100.0,14.0
959,0.0,0.0,0.0,0.0,8.38327403846154,0.0,0.0,5.66666666666667,0.0,0.0,0.0,86.0,15.0
960,0.0,0.0,0.0,0.0,0.0,0.0,0.0,10.2,0.0,0.0,0.0,76.0,14.0
961,0.0,0.0,0.0,0.0,0.0,0.0,0.0,13.9565217391304,0.0,0.0,0.0,69.0,14.0
962,0.0,0.0,0.0,0.0,0.0,0.0,0.0,20.45,71.0,0.0,0.0,59.0,14.0
963,0.0,0.0,0.0,0.0,0.0,0.0,0.0,5.52,195.541666666667,0.0,0.0,59.0,14.0
964,0.0,0.0,0.0,0.0,0.0,0.0,0.0,5.69565217391304,311.818181818182,0.0,0.0,59.0,15.0
965,0.0,0.0,0.0,0.0,0.0,0.0,0.0,3.04166666666667,289.304347826087,6.69565217391304,0.0,1.0,14.0
966,0.0,0.0,0.0,0.0,0.0,0.0,0.0,38.1666666666667,35.9545454545455,7.625,0.0,89.0,14.0
967,0.0,0.0,0.0,0.0,0.0,0.0,0.0,80.65,13.25,0.0,0.0,106.0,14.0
968,0.0,0.0,0.0,0.0,0.0,0.0,0.0,82.4761904761905,0.0,0.0,0.0,175.0,6.0
969,0.0,0.0,0.0,0.0,0.0,0.0,0.0,75.2857142857143,0.0,0.0,0.0,208.0,5.0
970,0.0,0.0,0.0,0.0,0.0,0.0,0.0,77.1538461538462,0.0,0.0,0.0,209.0,8.0
971,0.964727272727273,0.0,0.0,6.9536999999999995,0.0,0.0,0.0,79.52,0.0,0.0,0.0,206.0,8.0
972,0.578928571428571,4.545,4.545,10.796261904761899,0.0,0.0,0.0,86.2941176470588,0.0,0.0,2.1875,162.0,7.0
973,0.247888888888889,0.18,0.18,3.3796444444444402,11.64448809523809,0.0,0.0,82.2222222222222,0.0,245.388888888889,1.85714285714286,199.0,5.0
974,0.0,0.0,0.0,0.0,9.74900877192983,0.0,0.0,70.5882352941177,0.0,172.823529411765,3.0625,179.0,4.0
975,0.0,0.0,0.0,0.0,9.74625,0.0,0.0,78.8571428571429,0.615384615384615,232.368421052632,4.0,179.0,3.0
976,0.0,0.0,0.0,0.0959484126984127,9.681249999999999,0.0,0.0,81.0,0.153846153846154,0.0,2.0,3.0,2.0
977,0.571260869565217,0.0,0.0,0.33068181818181897,9.68147368421053,0.0,0.0,65.6,0.928571428571429,350.285714285714,1.5,200.0,6.0
978,0.913454545454545,0.0,0.0,0.025,9.71738636363636,0.0,0.0,5.1,0.0,0.0,0.0,201.0,153.0
979,0.0,0.0,0.0,0.0,9.702033333333329,0.0,0.0,4.65384615384615,0.0,0.0,0.0,177.0,171.0
980,0.0,0.0,0.0,0.0,9.7751052631579,0.0,0.0,4.70833333333333,0.0,0.0,0.0,80.0,164.0
981,0.0,0.0,0.0,0.0,9.76787719298246,0.0,0.0,2.71428571428571,0.0,0.0,0.0,66.0,163.0
982,0.0,0.0,0.0,0.0,9.80905,0.0,0.0,2.72727272727273,0.0,0.0,0.0,46.0,164.0
983,0.98825,0.0,0.0,3.188716374269,8.38327403846154,0.0,0.0,5.64,0.0,0.0,0.0,30.0,159.0
984,4.82,0.0,0.0,9.00691666666667,0.0,0.0,0.0,11.8333333333333,0.0,0.0,0.0,23.0,159.0
985,4.28833333333333,0.0,0.0,7.96108333333333,0.0,0.0,0.0,23.8421052631579,0.0,0.0,0.0,21.0,158.0
986,0.0,0.0,0.0,0.0,0.0,0.0,0.0,191.47619047619,0.0,0.0,0.0,16.0,156.0
987,0.0,0.0,0.0,0.0,0.0,0.0,0.0,152.761904761905,0.0,0.0,0.0,14.0,32.0
988,0.0,0.0,0.0,0.0,0.0,0.0,0.0,247.05,0.0,0.0,0.0,15.0,36.0
989,0.0,0.0,0.0,0.0,0.0,0.0,0.0,272.45,0.0,0.0,0.0,1.0,35.0
990,0.0,0.0,0.0,0.0,0.0,0.0,0.0,60.85,0.0,3.78947368421053,0.0,39.0,37.0
991,0.0,0.0,0.0,0.0,0.0,0.0,0.0,32.4347826086956,0.0,1.11111111111111,0.0,74.0,36.0
992,0.0,0.0,0.0,0.0,0.0,0.0,0.0,60.8571428571429,0.0,0.0,0.0,102.0,34.0
993,0.0,0.0,0.0,0.0,0.0,0.0,0.0,77.3913043478261,3.27272727272727,0.0,0.0,113.0,31.0
994,0.0,0.0,0.0,0.0,0.0,0.0924761904761905,0.0,74.0,4.65217391304348,0.214285714285714,0.0,109.0,29.0
995,0.0,0.0,0.0,0.0,0.0,0.242125,0.0,81.5263157894737,1.85,157.526315789474,0.0,94.0,29.0
996,0.4205,0.0,0.0,0.0,0.0,0.0,0.0,77.2727272727273,0.65,280.428571428571,0.0,97.0,29.0
997,1.55411764705882,0.0,0.0,0.0,11.64448809523809,0.0,0.0,76.2272727272727,0.0454545454545455,0.0,0.0,96.0,2.0
998,0.506083333333333,0.0,0.0,0.0,9.74900877192983,0.0,0.0,35.3125,0.411764705882353,735.5,0.0,159.0,29.0
999,0.791705882352941,0.0,0.0,0.0,9.74625,1.62922222222222,0.0,6.77777777777778,0.0,0.0,0.0,222.0,41.0
1000,0.258904761904762,0.0,0.0,0.0,9.681249999999999,0.0,0.0,10.9130434782609,0.0,0.0,0.0,1.0,40.0
1001,0.615761904761905,0.0,0.0,0.0,9.68147368421053,0.0,0.0,16.5217391304348,0.0,0.0,0.0,245.0,41.0
1002,0.0,0.0,0.0,0.0,9.71738636363636,0.0,0.0,16.08,0.0,0.0,0.0,214.0,41.0
1003,0.0,0.0,0.0,0.0,9.702033333333329,0.0,0.0,8.05263157894737,0.0,0.0,0.0,188.0,41.0
1004,0.0,0.0,0.0,0.0,9.7751052631579,0.0,0.0,4.33333333333333,0.0,0.0,0.0,186.0,41.0
1005,0.0,0.0,0.0,0.0,9.76787719298246,0.0,0.0,3.96,0.0,0.0,0.0,205.0,41.0
1006,0.0,0.0,0.0,0.0,9.80905,0.0,0.0,3.78260869565217,0.0,0.0,0.0,190.0,42.0
1007,0.0,0.0,0.0,0.0,8.38327403846154,0.0,0.0,5.38095238095238,0.0,0.0,0.0,171.0,42.0
1008,0.0,0.0,0.0,0.0,0.0,0.0,0.0,73.0,0.0,0.0,0.0,150.0,41.0
1009,0.0,0.0,0.0,0.0,0.0,0.0,0.0,78.88,0.0,0.0,0.0,137.0,40.0
1010,0.0,0.0,0.0,0.0,0.0,0.0,0.0,29.2272727272727,0.0,0.0,0.0,133.0,3.0
1011,0.0,0.0,0.0,0.0,0.0,0.0,0.0,10.5,0.0,0.0,0.0,131.0,24.0
1012,0.0,0.0,0.0,0.0,0.0,0.0,0.0,6.84,0.0,0.0,0.0,129.0,41.0
1013,0.0,0.0,0.0,0.0,0.0,0.0,0.0,94.8421052631579,0.0,0.0,0.0,0.0,47.0
1014,0.0,0.0,0.0,0.0,0.0,0.0,0.0,275.952380952381,0.0,0.0,0.0,54.0,43.0
1015,0.0,0.0,0.0,0.0,0.0,0.0,0.0,269.863636363636,0.0,0.0,0.0,127.0,68.0
1016,0.0,0.0,0.0,0.0,0.0,0.0,0.0,264.318181818182,0.0,0.454545454545455,0.0,142.0,83.0
1017,0.0,0.0,0.0,0.0,0.0,0.0,0.0,27.2608695652174,0.0,0.0,0.0,234.0,30.0
1018,0.0,0.0,0.0,0.0,0.0,0.0,0.0,60.1,0.0,1.22222222222222,0.0,214.0,42.0
1019,0.0,0.0,0.0,0.29832034632034626,0.0,0.0,0.0,21.5,0.0,1.08695652173913,0.0,218.0,37.0
1020,0.0,10.15883333333333,10.15883333333333,5.081627329192546,0.0,0.0,0.0,11.1578947368421,0.0,2.0,0.0,227.0,35.0
1021,0.0,0.704359523809524,0.704359523809524,5.418157894736842,11.64448809523809,0.258,0.0,72.8333333333333,2.23809523809524,334.454545454545,1.29166666666667,219.0,0.0
1022,4.32154545454545,0.0,0.0,5.74600207039338,9.74900877192983,0.0,0.0,83.4210526315789,3.0,260.0,1.65,154.0,22.0
1023,2.03417391304348,0.0,0.0,2.974904761904767,9.74625,0.0,0.0,27.1052631578947,0.388888888888889,73.5,1.45,89.0,28.0
1024,0.0,0.0,0.0,0.0,9.681249999999999,0.0,0.0,14.16,0.0,0.0,2.96,3.0,27.0
1025,0.0,0.0,0.0,0.0,9.68147368421053,0.775727272727273,0.0,8.17391304347826,0.0,0.0,0.304347826086957,179.0,27.0
1026,0.0,0.0,0.0,0.0,9.71738636363636,0.0,0.0,4.48,0.0,0.0,0.0,213.0,27.0
1027,0.0,0.0,0.0,0.0,9.702033333333329,0.0,0.0,3.7037037037037,0.0,0.0,0.0,144.0,28.0
1028,0.0,0.0,0.0,0.0,9.7751052631579,0.0,0.0,2.16666666666667,0.0,0.0,0.0,133.0,27.0
1029,0.0,0.0,0.0,0.0,9.76787719298246,0.0,0.0,1.37037037037037,0.0,0.0,0.0,181.0,27.0
1030,0.139752631578947,0.0234545454545455,0.0234545454545455,0.0,9.80905,0.0,0.24615,4.4,0.0,0.0,0.0,164.0,28.0
1031,0.0,0.0,0.0,0.0,8.38327403846154,0.0,0.0,5.38095238095238,0.0,0.0,0.0,149.0,28.0
1032,0.0,0.0,0.0,0.0,0.0,0.0,0.0,73.0,0.0,0.0,0.0,130.0,27.0
1033,0.0,0.0,0.0,0.0,0.0,0.0,0.0,78.88,0.0,0.0,0.0,132.0,26.0
1034,0.0,0.0,0.0,0.0,0.0,0.0,0.0,29.2272727272727,0.0,0.0,0.0,130.0,1.0
1035,0.0,0.0,0.0,0.0,0.0,0.0,0.0,10.5,0.0,0.0,0.0,126.0,33.0
1036,0.0,0.0,0.0,0.0,0.0,0.0,0.0,6.84,0.0,0.0,0.0,105.0,43.0
1037,0.0,0.0,0.0,0.0,0.0,0.0,0.0,94.8421052631579,0.0,0.0,0.0,3.0,75.0
1038,0.0,0.0,0.0,0.0,0.0,0.0,0.0,275.952380952381,0.0,0.0,0.0,96.0,74.0
1039,0.0,0.0,0.0,0.0,0.0,0.0,0.0,269.863636363636,0.0,0.0,0.0,261.0,51.0
1040,0.0,0.0,0.0,0.0,0.0,0.0,0.0,264.318181818182,0.0,0.454545454545455,0.0,98.0,36.0
1041,0.0,0.0,0.0,0.0,0.0,0.0,0.0,27.2608695652174,0.0,0.0,0.0,49.0,31.0
1042,0.0,0.0,0.0,0.0,0.0,0.0,0.0,60.1,0.0,1.22222222222222,0.0,35.0,41.0
1043,0.0,0.0,0.0,0.0,0.0,0.0,0.0,21.5,0.0,1.08695652173913,0.0,26.0,51.0
1044,0.0,0.0,0.0,0.0,0.0,0.0,0.0,11.1578947368421,0.0,2.0,1.29166666666667,106.0,62.0
1045,0.0,0.0,0.0,0.0,11.64448809523809,0.0,0.0,72.8333333333333,2.23809523809524,334.454545454545,1.65,115.0,1.0
1046,0.0,0.0,0.0,0.0,9.74900877192983,0.0,0.0,83.4210526315789,3.0,260.0,1.45,107.0,182.0
1047,0.0,0.0,0.0,0.0,9.74625,0.0,0.0,27.1052631578947,0.388888888888889,73.5,2.96,99.0,183.0
1048,0.0,0.0,0.0,0.0,9.681249999999999,0.0,0.0,14.16,0.0,0.0,0.304347826086957,1.0,179.0
1049,0.0,0.0,0.0,0.0,9.68147368421053,0.0,0.0,8.17391304347826,0.0,0.0,0.0,155.0,178.0
1050,0.0,0.0,0.0,0.0,9.832888095000001,0.0,0.0,0.0,0.0,0.0,0.0,172.0,179.0
1051,0.0,0.0,0.0,0.0,9.682315789,0.0,0.0,0.0,0.0,0.0,0.0,149.0,181.0
1052,0.0,0.0,0.0,0.0,9.604035714,0.0,0.0,0.565217391,0.0,0.0,0.0,155.0,180.0
1053,0.0,0.0,0.0,0.0,9.74262381,0.0,0.0,0.56,0.0,0.0,0.0,162.0,177.0
1054,0.0,0.0,0.0,0.0,9.709034965,0.0,0.0,0.0,0.0,0.64,0.0,157.0,177.0
1055,0.0,0.0,0.0,0.0,0.0,0.0,0.0,0.136363636,0.0,0.526315789,0.0,152.0,179.0
